borrower_id,ssn,FIRST_NAME LAST_NAME,ADDRESS CITY STATE,phone,ID
000001,850-47-3740,MARK MORGAN,5677 COOLIDGE STREET PLANO TX,(469) 904-1438,1
000002,256-95-4382,ERIC WARREN,9062 SCHURZ DRIVE DALLAS TX,(214) 701-8127,2
000003,256-51-5268,ROBERT HARPER,7786 SACHS PLACE PLANO TX,(214) 875-5911,3
000004,976-95-2914,DONNA FRANKLIN,3 MAGDELINE TERRACE PLANO TX,(214) 800-6127,4
000005,906-63-3588,LINDA KING,41260 KEDZIE TERRACE DALLAS TX,(469) 213-2549,5
000006,206-26-7141,JUDY HOLMES,6583 MANITOWISH HILL DALLAS TX,(972) 898-5909,6
000007,898-61-3567,DEBORAH LAWRENCE,2 HERMINA TRAIL DALLAS TX,(972) 900-2951,7
000008,644-25-0492,ADAM JOHNSTON,05671 NORWAY MAPLE COURT DALLAS TX,(469) 743-0176,8
000009,678-12-4697,PAMELA CARR,1848 FORDEM AVENUE RICHARDSON TX,(972) 247-9852,9
000010,562-33-7951,DANIEL FISHER,400 CODY LANE PLANO TX,(214) 891-7743,10
000011,441-90-7753,STEPHEN FIELDS,99 FAIR OAKS DRIVE PLANO TX,(214) 801-3069,11
000012,305-53-3736,WALTER FERGUSON,814 SUTTERIDGE POINT DALLAS TX,(469) 945-8172,12
000013,634-61-6311,PAUL COOK,58295 PIERSTORFF PASS RICHARDSON TX,(469) 932-0168,13
000014,661-24-6360,ROY SMITH,563 FAIRVIEW PARK DALLAS TX,(214) 911-4724,14
000015,350-83-8412,MICHELLE GARDNER,28309 PAGET COURT PLANO TX,(469) 974-2681,15
000016,439-75-5475,GEORGE POWELL,31 CLOVE CROSSING DALLAS TX,(972) 885-7291,16
000017,431-61-5822,NICHOLAS HUDSON,29 ESKER TRAIL DALLAS TX,(469) 698-4000,17
000018,879-82-7179,LINDA HENDERSON,117 KATIE CENTER DALLAS TX,(469) 997-0832,18
000019,484-96-1826,GREGORY FOWLER,42454 HERMINA PLAZA DALLAS TX,(214) 936-8301,19
000020,562-52-7080,CAROL SANDERS,99600 MOLAND WAY DALLAS TX,(214) 762-1061,20
000021,876-61-5170,MARK HAMILTON,76425 DIXON HILL DALLAS TX,(972) 802-7903,21
000022,139-71-1123,ANTHONY BROWN,8691 WALTON TERRACE DALLAS TX,(972) 947-3376,22
000023,239-16-6210,JAMES RIVERA,4 GOLDEN LEAF TRAIL DALLAS TX,(214) 761-8129,23
000024,283-06-7717,TAMMY COLE,22 ATWOOD PARKWAY DALLAS TX,(469) 292-1882,24
000025,371-60-9878,DONALD BOWMAN,196 GOLF VIEW TERRACE DALLAS TX,(214) 956-6083,25
000026,438-78-7652,SUSAN GOMEZ,601 WARBLER POINT RICHARDSON TX,(972) 877-1341,26
000027,893-37-1519,JUAN MARTIN,846 JOHNSON CIRCLE DALLAS TX,(214) 828-5694,27
000028,434-92-5388,SAMUEL BAILEY,1367 NORTHPORT DRIVE DALLAS TX,(972) 972-2250,28
000029,444-50-9807,PAUL WHITE,24775 MELVIN PLACE DALLAS TX,(469) 459-4087,29
000030,557-41-0386,GREGORY CLARK,259 PORTER AVENUE DALLAS TX,(972) 979-5771,30
000031,123-99-1439,STEVEN WOOD,852 DARWIN ALLEY DALLAS TX,(214) 984-2801,31
000032,507-26-2481,JESSICA FULLER,975 CARPENTER PARKWAY DALLAS TX,(972) 956-5055,32
000033,258-33-5117,DONNA GREENE,86 DELLADONNA LANE DALLAS TX,(469) 969-6535,33
000034,876-94-4518,EDWARD FORD,34 FULTON CIRCLE DALLAS TX,(214) 869-1555,34
000035,153-20-8011,STEVE TORRES,781 LOEPRICH ALLEY DALLAS TX,(469) 964-7789,35
000036,881-79-3670,ALICE RIVERA,79 DAYTON CENTER DALLAS TX,(214) 841-3416,36
000037,878-61-5560,JESSICA FREEMAN,27997 LOFTSGORDON LANE DALLAS TX,(214) 835-4205,37
000038,728-84-4113,KENNETH HARRISON,25074 HOLMBERG PARK RICHARDSON TX,(972) 774-1504,38
000039,792-17-4540,BETTY AUSTIN,4 SCHMEDEMAN TERRACE DALLAS TX,(972) 927-7561,39
000040,433-05-3698,IRENE GONZALEZ,820 OXFORD CROSSING DALLAS TX,(214) 865-5203,40
000041,132-21-3747,CHARLES FOSTER,850 SUMMERVIEW CROSSING DALLAS TX,(469) 910-6688,41
000042,457-93-9804,GREGORY PEREZ,57 BLUEJAY PASS DALLAS TX,(972) 433-8549,42
000043,906-16-1095,JOSE STONE,93 WAYWOOD PARKWAY DALLAS TX,(972) 991-8017,43
000044,882-36-6316,PATRICK MOORE,78 CREST LINE ROAD DALLAS TX,(214) 950-2446,44
000045,728-96-3473,LOUIS LYNCH,12197 KINSMAN CENTER DALLAS TX,(469) 820-4208,45
000046,377-44-1238,MATTHEW SNYDER,169 MAYFIELD PARK RICHARDSON TX,(469) 855-5018,46
000047,582-62-7069,SARA WAGNER,24827 TWIN PINES JUNCTION RICHARDSON TX,(469) 914-5869,47
000048,577-82-2947,LOUISE LONG,6 HAAS CENTER DALLAS TX,(214) 939-0517,48
000049,216-53-6968,JUDY HAMILTON,65364 MOSINEE CENTER DALLAS TX,(972) 847-2849,49
000050,202-40-3427,EVELYN YOUNG,4788 SOUTH STREET DALLAS TX,(214) 864-9776,50
000051,897-56-8517,JAMES MOORE,9089 LUNDER PARKWAY DALLAS TX,(469) 830-4056,51
000052,923-84-7867,CLARENCE ROMERO,68501 MICHIGAN STREET PLANO TX,(972) 982-1803,52
000053,539-63-0143,JENNIFER SMITH,3 CORDELIA TERRACE DALLAS TX,(469) 963-5598,53
000054,636-25-1591,JACK BAKER,01441 EASTLAWN PLACE DALLAS TX,(972) 909-1277,54
000055,622-93-5915,AMY NGUYEN,79 RIGNEY CIRCLE DALLAS TX,(214) 905-2261,55
000056,823-00-8890,MARIA STEVENS,5348 DAVID POINT PLANO TX,(972) 992-5831,56
000057,534-07-7079,TERESA CARPENTER,6280 SPENSER LANE DALLAS TX,(972) 908-2593,57
000058,203-68-8563,ROY ARNOLD,7548 DUNNING JUNCTION RICHARDSON TX,(214) 990-9053,58
000059,457-75-1314,RANDY STEWART,5004 EMMET PARK DALLAS TX,(469) 422-2991,59
000060,524-73-0400,BRENDA FERNANDEZ,335 FORSTER ALLEY DALLAS TX,(214) 920-6944,60
000061,344-66-8375,JANET THOMPSON,1 CHINOOK PLACE PLANO TX,(972) 986-8081,61
000062,716-55-3314,BILLY ORTIZ,4 HINTZE COURT DALLAS TX,(469) 808-1346,62
000063,869-29-5873,EDWARD HAWKINS,96231 NORTHLAND PLAZA DALLAS TX,(972) 798-3752,63
000064,218-81-6261,MARK MORGAN,5 MILLER LANE DALLAS TX,(469) 784-6546,64
000065,913-50-1956,CAROLYN MORGAN,975 GOLF VIEW PLACE DALLAS TX,(469) 674-8726,65
000066,749-40-8693,TINA WEAVER,5414 GREEN RIDGE STREET DALLAS TX,(469) 840-0879,66
000067,992-92-6136,ERIC TAYLOR,6 FISK PASS DALLAS TX,(214) 714-7652,67
000068,378-07-1662,RUTH HENRY,84 HERMINA STREET DALLAS TX,(972) 934-2054,68
000069,388-44-9990,PHILLIP PERKINS,84771 BARTELT TRAIL DALLAS TX,(214) 917-4226,69
000070,288-23-0361,ANNIE WELCH,80 STUART ROAD DALLAS TX,(972) 516-1320,70
000071,509-44-1761,LOIS HUNTER,49 BLAINE LANE PLANO TX,(972) 809-1141,71
000072,704-79-5907,LISA COOK,4412 LAKEWOOD GARDENS PLAZA RICHARDSON TX,(972) 653-9871,72
000073,948-30-8402,KATHLEEN HARVEY,13 GRAYHAWK HILL DALLAS TX,(469) 547-7753,73
000074,651-57-6305,DIANE STEVENS,0091 AMERICAN CIRCLE DALLAS TX,(469) 942-1364,74
000075,908-63-2676,SAMUEL YOUNG,0157 HOLMBERG STREET RICHARDSON TX,(469) 918-5729,75
000076,727-25-3782,MARK RILEY,4900 THOMPSON COURT DALLAS TX,(972) 767-2036,76
000077,775-32-5935,BONNIE ROSS,0 WALTON COURT RICHARDSON TX,(972) 766-6908,77
000078,402-35-0549,ELIZABETH ARNOLD,952 SAGE PASS DALLAS TX,(214) 967-2424,78
000079,270-86-6950,JOHN WALKER,2 PACKERS CROSSING DALLAS TX,(469) 796-5094,79
000080,982-11-9636,WILLIAM SIMMONS,1232 HAYES CROSSING DALLAS TX,(972) 903-7706,80
000081,757-38-5276,LISA KELLEY,3718 TWIN PINES WAY DALLAS TX,(972) 900-0487,81
000082,980-24-2372,CARL LARSON,096 GOODLAND PARKWAY DALLAS TX,(469) 550-2228,82
000083,444-73-4007,BRANDON ANDERSON,8 LEROY CIRCLE DALLAS TX,(469) 993-9270,83
000084,278-33-4174,GLORIA MYERS,03 ELMSIDE CENTER PLANO TX,(469) 853-3967,84
000085,772-25-9640,DANIEL FREEMAN,9584 ELKA PLACE DALLAS TX,(972) 769-9270,85
000086,232-98-4647,JUDITH MITCHELL,2506 MERCHANT TERRACE DALLAS TX,(972) 902-9669,86
000087,937-38-5159,ALAN KING,958 BURROWS STREET DALLAS TX,(214) 583-5636,87
000088,327-80-3166,STEVE PHILLIPS,45557 JANA COURT DALLAS TX,(972) 937-9620,88
000089,405-92-7423,BRENDA BUTLER,5 CALYPSO AVENUE DALLAS TX,(972) 892-6177,89
000090,133-37-8900,PATRICIA SPENCER,65143 UNION LANE DALLAS TX,(214) 909-9264,90
000091,227-64-6193,LARRY OLSON,50299 LIEN PARKWAY DALLAS TX,(972) 965-7073,91
000092,272-41-6460,VICTOR SULLIVAN,272 MILWAUKEE POINT PLANO TX,(972) 759-4852,92
000093,318-95-0284,KATHRYN TAYLOR,2952 THACKERAY POINT DALLAS TX,(214) 862-0958,93
000094,729-22-8562,RACHEL LITTLE,755 KROPF PASS DALLAS TX,(972) 797-7226,94
000095,783-54-9793,DONALD RICHARDSON,951 CHIVE AVENUE DALLAS TX,(972) 934-6450,95
000096,131-52-5777,STEPHEN CHAPMAN,0 LUNDER ALLEY DALLAS TX,(214) 987-1376,96
000097,335-18-5473,HAROLD RICHARDSON,76743 BURROWS COURT DALLAS TX,(469) 899-1924,97
000098,933-15-2171,ERNEST PALMER,6 UPHAM DRIVE DALLAS TX,(972) 942-2638,98
000099,595-38-3883,PAMELA MATTHEWS,2 GREEN LANE DALLAS TX,(214) 944-0666,99
000100,808-44-7643,JASON CAMPBELL,6 RAVEN COURT DALLAS TX,(972) 811-4885,100
000101,924-16-0243,JOYCE FULLER,45900 IOWA WAY DALLAS TX,(469) 906-3524,101
000102,348-53-9608,ANDREA BAILEY,33 CARDINAL ALLEY RICHARDSON TX,(972) 846-5566,102
000103,379-16-0722,DENISE PERRY,68 OLD SHORE LANE DALLAS TX,(214) 991-3418,103
000104,997-92-4787,MICHAEL JACOBS,0 BRENTWOOD PLACE RICHARDSON TX,(469) 924-9727,104
000105,664-95-5489,CATHERINE REID,41544 ANNIVERSARY CROSSING PLANO TX,(214) 948-8236,105
000106,424-12-2851,AARON ROMERO,844 UNION WAY DALLAS TX,(972) 535-5154,106
000107,295-19-3279,JOHN WARREN,9127 FARRAGUT CENTER DALLAS TX,(469) 923-5725,107
000108,806-92-2733,STEVE GARRETT,729 KENWOOD COURT RICHARDSON TX,(214) 703-1311,108
000109,466-92-6624,JIMMY ELLIS,8 NEVADA PLACE DALLAS TX,(972) 742-8738,109
000110,454-64-8101,JOSE PEREZ,4463 COMMERCIAL CIRCLE RICHARDSON TX,(469) 852-3133,110
000111,909-18-6864,KATHERINE DEAN,4978 CORDELIA WAY DALLAS TX,(972) 886-7232,111
000112,203-54-9198,ASHLEY JACKSON,676 DAVID ROAD DALLAS TX,(469) 976-0450,112
000113,177-45-8737,KATHRYN HART,29 DEXTER CIRCLE DALLAS TX,(972) 900-3590,113
000114,279-96-6074,DENNIS RUIZ,18784 BROWNING CIRCLE DALLAS TX,(972) 974-1505,114
000115,561-91-3511,SHARON COX,4 HOFFMAN STREET DALLAS TX,(214) 915-0820,115
000116,325-12-4236,RUBY BURKE,5 SWALLOW AVENUE DALLAS TX,(972) 928-8965,116
000117,537-25-0563,JERRY STEWART,54494 KENWOOD TRAIL DALLAS TX,(469) 817-5662,117
000118,508-36-5238,HOWARD FISHER,2 REINKE LANE PLANO TX,(972) 325-6683,118
000119,663-89-7131,ERIC PHILLIPS,578 WESTEND PASS DALLAS TX,(972) 893-0831,119
000120,582-89-0521,ALBERT CRUZ,04 SHOPKO WAY DALLAS TX,(972) 471-4420,120
000121,112-24-4907,TIMOTHY HARRISON,04099 ANHALT PLACE DALLAS TX,(214) 849-7879,121
000122,593-24-8597,RONALD PHILLIPS,4632 BRENTWOOD HILL DALLAS TX,(469) 945-4638,122
000123,152-06-9743,ANTONIO BISHOP,212 MEMORIAL LANE RICHARDSON TX,(469) 835-8047,123
000124,917-73-0651,HOWARD GREEN,9 FLORENCE TRAIL DALLAS TX,(214) 875-8195,124
000125,550-66-4068,WILLIE MURPHY,09 LOEPRICH PARKWAY RICHARDSON TX,(214) 954-5495,125
000126,151-32-0622,CHRISTINE WASHINGTON,95086 ELIOT ALLEY DALLAS TX,(469) 844-5383,126
000127,363-52-9311,ANGELA ELLIS,61 CHINOOK AVENUE DALLAS TX,(469) 912-7557,127
000128,498-97-9543,KATHY WAGNER,1 COLUMBUS CROSSING PLANO TX,(214) 958-2980,128
000129,109-59-3700,ANTONIO CARR,6996 ARIZONA AVENUE DALLAS TX,(469) 724-0803,129
000130,919-11-7074,SAMUEL ELLIS,69968 MEADOW RIDGE ALLEY DALLAS TX,(469) 957-8249,130
000131,532-19-3189,BRUCE WILLIAMSON,51 MAYWOOD PLACE RICHARDSON TX,(214) 969-6651,131
000132,186-61-2257,RUBY MCDONALD,031 OHIO LANE DALLAS TX,(214) 970-5621,132
000133,758-82-0981,JACK LARSON,43086 DEXTER WAY DALLAS TX,(469) 913-6292,133
000134,789-85-0156,TAMMY HUNTER,08 MARQUETTE PASS DALLAS TX,(214) 919-0495,134
000135,144-61-2857,MILDRED RICHARDS,6863 WARBLER CROSSING DALLAS TX,(469) 636-7310,135
000136,812-34-4775,JANET DIXON,1 RIDGEWAY TERRACE DALLAS TX,(972) 381-9665,136
000137,605-13-5959,ANTONIO HAMILTON,2545 LERDAHL CENTER DALLAS TX,(214) 886-6681,137
000138,873-83-1740,LOUISE JORDAN,7326 REINDAHL POINT DALLAS TX,(972) 518-9421,138
000139,992-25-4077,LINDA HUNT,710 LIGHTHOUSE BAY POINT DALLAS TX,(972) 754-7045,139
000140,222-46-0064,JOAN WEBB,90 BASHFORD AVENUE DALLAS TX,(469) 955-0632,140
000141,135-71-1523,KEVIN FRAZIER,47 BLUEJAY HILL DALLAS TX,(972) 965-3683,141
000142,490-88-8407,TODD SCHMIDT,4 LAKELAND PASS DALLAS TX,(214) 903-6828,142
000143,797-95-4607,ANDREA SIMS,898 KILLDEER PASS DALLAS TX,(469) 988-0761,143
000144,959-24-3477,BARBARA BROOKS,305 MENDOTA PLAZA DALLAS TX,(469) 958-8251,144
000145,600-79-0040,KENNETH ANDERSON,246 SHOPKO DRIVE RICHARDSON TX,(972) 998-5406,145
000146,704-59-6830,JESSICA KNIGHT,36 FOREST PARK RICHARDSON TX,(469) 961-0488,146
000147,542-87-9344,DOROTHY ADAMS,2483 MELODY PLAZA RICHARDSON TX,(972) 881-8472,147
000148,634-80-8812,PHILLIP ADAMS,4 DEREK POINT DALLAS TX,(972) 918-0335,148
000149,599-72-6050,JAMES CARPENTER,6668 ILENE COURT DALLAS TX,(214) 820-8276,149
000150,751-57-0699,AMY LOPEZ,715 WESTEND AVENUE DALLAS TX,(469) 830-1019,150
000151,570-71-9526,FRANK GOMEZ,61280 MALLORY PARKWAY PLANO TX,(214) 962-2973,151
000152,585-65-8864,DEBRA ROGERS,4 SOUTHRIDGE PLACE RICHARDSON TX,(469) 753-7894,152
000153,784-42-3645,AARON CHAPMAN,840 MESSERSCHMIDT PLAZA DALLAS TX,(972) 753-3651,153
000154,327-00-2811,JERRY CRUZ,48314 MUIR CROSSING DALLAS TX,(214) 973-8302,154
000155,209-64-5805,GERALD MCCOY,71113 CORRY CIRCLE PLANO TX,(469) 758-3820,155
000156,352-52-5321,MATTHEW WARD,3726 ONEILL TERRACE PLANO TX,(972) 668-2488,156
000157,312-33-6562,MARILYN ANDREWS,61664 WARRIOR STREET DALLAS TX,(972) 831-4215,157
000158,585-35-8539,LAWRENCE COLEMAN,0 SCOVILLE PLAZA PLANO TX,(469) 987-3187,158
000159,766-72-6736,SARAH BURTON,65230 PRAIRIE ROSE POINT PLANO TX,(972) 736-0106,159
000160,519-22-1664,GERALD WHITE,82 DELAWARE PLAZA PLANO TX,(214) 774-5757,160
000161,811-23-2706,SHAWN ROBERTSON,9 TROY ALLEY DALLAS TX,(214) 943-9366,161
000162,983-17-1073,SAMUEL ARNOLD,1748 MONTEREY ROAD DALLAS TX,(469) 741-5231,162
000163,153-09-5087,RUBY MCDONALD,00621 KILLDEER CROSSING DALLAS TX,(469) 941-5043,163
000164,208-16-2580,LILLIAN KIM,47585 NOVA DRIVE DALLAS TX,(214) 740-2312,164
000165,604-54-4201,PAMELA BRADLEY,2 LAKEWOOD GARDENS PLACE RICHARDSON TX,(469) 871-3326,165
000166,764-51-2571,RALPH CHAVEZ,15739 VERA PLAZA DALLAS TX,(214) 598-5319,166
000167,102-72-1991,MARTIN RICHARDS,8 NEW CASTLE TRAIL DALLAS TX,(469) 976-0263,167
000168,743-82-1324,CHRIS SIMMONS,46833 FARMCO JUNCTION DALLAS TX,(469) 810-0333,168
000169,915-27-6165,MARTIN STEVENS,573 ONEILL HILL DALLAS TX,(469) 570-2393,169
000170,615-68-8488,LISA WEST,55586 RONALD REGAN LANE DALLAS TX,(972) 998-4345,170
000171,538-66-1965,DANIEL MARSHALL,3 MANITOWISH CROSSING DALLAS TX,(469) 730-4725,171
000172,981-95-3778,JOHN HICKS,81 NORTHFIELD PLACE RICHARDSON TX,(972) 727-1591,172
000173,802-73-6786,ROGER HARRISON,9 MEADOW VALE DRIVE DALLAS TX,(469) 941-5954,173
000174,777-08-7277,TERESA THOMPSON,06364 GERALD STREET DALLAS TX,(972) 670-1547,174
000175,445-90-2407,ARTHUR FREEMAN,51652 RUSSELL STREET DALLAS TX,(469) 994-4509,175
000176,909-02-3006,HOWARD SIMPSON,95 REDWING LANE DALLAS TX,(972) 910-0392,176
000177,790-10-1835,CHRISTOPHER SPENCER,6 NORTHFIELD CROSSING DALLAS TX,(214) 821-9650,177
000178,847-64-1856,THERESA WOOD,0420 WESTPORT CIRCLE DALLAS TX,(469) 994-1901,178
000179,930-97-8594,LILLIAN WRIGHT,82972 RAVEN ROAD DALLAS TX,(972) 960-5502,179
000180,823-59-4050,SARA ROGERS,7 TWIN PINES CIRCLE DALLAS TX,(214) 984-5323,180
000181,831-37-2302,LINDA RICHARDS,046 HARPER CENTER DALLAS TX,(214) 998-2489,181
000182,139-70-8042,ALBERT CUNNINGHAM,414 SUMMER RIDGE TRAIL RICHARDSON TX,(972) 716-3924,182
000183,611-16-9228,DEBRA HOLMES,22 BLUEJAY ROAD PLANO TX,(972) 954-8773,183
000184,248-33-5177,JASON DAVIS,82931 CARDINAL JUNCTION DALLAS TX,(214) 969-9787,184
000185,399-38-8513,JUSTIN FOWLER,1958 LEROY WAY DALLAS TX,(972) 915-2410,185
000186,515-58-4650,CATHERINE HARRIS,4091 DOE CROSSING ALLEY PLANO TX,(469) 968-7984,186
000187,911-94-6409,GARY REYES,06 SHELLEY PARKWAY DALLAS TX,(972) 985-2014,187
000188,952-37-2293,CLARENCE HARVEY,637 BLACKBIRD CROSSING DALLAS TX,(972) 735-8046,188
000189,866-26-3470,KATHLEEN LYNCH,0 NORTHVIEW CENTER DALLAS TX,(469) 858-9821,189
000190,696-87-1283,ANGELA MYERS,07 JENIFER POINT PLANO TX,(214) 996-3258,190
000191,525-30-0056,PAULA ROBERTS,2025 ANNAMARK COURT RICHARDSON TX,(214) 919-1512,191
000192,455-25-1300,MARIE HUDSON,35523 FULTON POINT RICHARDSON TX,(972) 955-0047,192
000193,300-83-3012,VICTOR GEORGE,16 BUTTERFIELD PLACE PLANO TX,(469) 982-0024,193
000194,568-53-7223,JUDITH LANE,59463 HAVEY CENTER DALLAS TX,(469) 962-1701,194
000195,219-13-1583,STEVEN CARPENTER,64 RUTLEDGE COURT RICHARDSON TX,(972) 759-2760,195
000196,628-41-9882,BEVERLY WELCH,0 7TH POINT RICHARDSON TX,(214) 758-2027,196
000197,553-83-0248,CHRIS COX,386 COLEMAN AVENUE RICHARDSON TX,(214) 902-1149,197
000198,664-42-3811,HEATHER DUNCAN,3 ACKER AVENUE RICHARDSON TX,(972) 906-2444,198
000199,932-05-2280,HELEN COOPER,90887 OHIO TRAIL DALLAS TX,(214) 723-9307,199
000200,359-15-6568,LINDA DIXON,0506 BOYD PLAZA RICHARDSON TX,(214) 940-0096,200
000201,377-03-6374,ERIC WOOD,730 BONNER HILL DALLAS TX,(972) 959-7132,201
000202,956-77-5994,BRENDA BROOKS,4 PENNSYLVANIA HILL DALLAS TX,(972) 960-5440,202
000203,262-72-9956,FRED CRAWFORD,00 MARINERS COVE TERRACE DALLAS TX,(972) 978-1543,203
000204,935-26-1044,ALAN MORRIS,2238 DEBRA CENTER DALLAS TX,(469) 701-3591,204
000205,575-57-3479,JIMMY WATKINS,91873 COLORADO CROSSING DALLAS TX,(469) 933-3579,205
000206,534-35-2839,KEITH FISHER,2 MUIR CROSSING RICHARDSON TX,(972) 999-1883,206
000207,487-48-3434,ROSE OLIVER,3152 THACKERAY POINT DALLAS TX,(214) 971-9384,207
000208,282-19-5051,JOHNNY VASQUEZ,809 GROVER CIRCLE DALLAS TX,(972) 843-5554,208
000209,198-52-6239,JUDITH DUNN,337 NORTHVIEW POINT DALLAS TX,(972) 999-1156,209
000210,165-45-3343,ROGER FREEMAN,13 FARMCO WAY DALLAS TX,(469) 854-9842,210
000211,983-87-0005,RICHARD BAILEY,3108 BROWNING PARK RICHARDSON TX,(214) 718-0392,211
000212,387-20-1613,ERNEST PALMER,66600 PLEASURE DRIVE DALLAS TX,(214) 238-1120,212
000213,440-22-0860,JANICE LONG,26577 LAUREL ROAD DALLAS TX,(214) 972-0889,213
000214,589-60-2564,THOMAS SCHMIDT,0 NEW CASTLE CROSSING PLANO TX,(469) 745-9014,214
000215,564-07-7138,KATHRYN HAYES,18504 BASIL HILL DALLAS TX,(469) 831-7793,215
000216,106-58-8800,CHRIS PERKINS,14865 JOHN WALL CENTER PLANO TX,(972) 957-3368,216
000217,664-12-8122,THOMAS SCOTT,449 SCHURZ PARKWAY DALLAS TX,(469) 914-5396,217
000218,394-69-4479,JUDY RICHARDS,9420 MAIN HILL DALLAS TX,(469) 871-8324,218
000219,977-89-1063,JANICE GARRETT,2998 CHIVE PLACE DALLAS TX,(214) 809-6943,219
000220,720-12-0662,RAYMOND PETERSON,892 FAIRFIELD POINT RICHARDSON TX,(469) 947-5199,220
000221,344-03-8015,MARILYN WILLIAMS,0 JOHN WALL CIRCLE DALLAS TX,(214) 992-8183,221
000222,166-80-9145,TERESA REID,9224 MANUFACTURERS TERRACE DALLAS TX,(972) 457-6436,222
000223,628-54-4529,IRENE MEDINA,51 SOUTHRIDGE PASS DALLAS TX,(972) 994-3852,223
000224,763-92-5219,LINDA CARPENTER,43 DOVETAIL ROAD DALLAS TX,(972) 866-8440,224
000225,468-30-6717,JONATHAN HARRISON,113 HAVEY CROSSING PLANO TX,(469) 900-2769,225
000226,716-63-5871,LAURA GRAHAM,72346 EMMET PLACE DALLAS TX,(469) 892-4249,226
000227,462-64-8746,SHARON PIERCE,9 CLOVE TRAIL DALLAS TX,(972) 930-5410,227
000228,890-27-4530,KATHERINE BOYD,90 PARK MEADOW JUNCTION DALLAS TX,(214) 652-5153,228
000229,875-97-7822,BRIAN PERKINS,5988 HAVEY STREET DALLAS TX,(972) 973-2502,229
000230,867-84-8327,ERIC COOPER,7 GRANBY ROAD DALLAS TX,(972) 970-2642,230
000231,907-94-1254,RANDY STANLEY,94552 LINDEN COURT DALLAS TX,(972) 815-8835,231
000232,319-59-2633,PAMELA GUTIERREZ,50236 GOODLAND LANE PLANO TX,(972) 968-2569,232
000233,145-92-8000,KEITH PERKINS,9543 FARRAGUT ROAD RICHARDSON TX,(214) 804-0599,233
000234,361-70-3782,SCOTT SPENCER,5 LUKKEN JUNCTION DALLAS TX,(214) 701-4621,234
000235,992-96-4866,TODD BRYANT,418 ONSGARD HILL DALLAS TX,(214) 980-7359,235
000236,916-54-8159,JOSE ANDERSON,2705 OHIO JUNCTION DALLAS TX,(214) 530-2752,236
000237,133-83-4824,AMANDA DAVIS,1636 NORWAY MAPLE PLACE PLANO TX,(469) 913-5733,237
000238,712-12-8661,RICHARD CRUZ,69 MARQUETTE PARK RICHARDSON TX,(469) 902-7741,238
000239,325-77-2883,SARA WALKER,18924 3RD CIRCLE DALLAS TX,(972) 932-7544,239
000240,974-70-9717,GLORIA SANDERS,36961 GREEN RIDGE PLACE DALLAS TX,(214) 937-3306,240
000241,584-04-3187,JONATHAN HARRIS,286 MERRY WAY DALLAS TX,(469) 873-4473,241
000242,152-31-3951,JUAN FIELDS,291 MARQUETTE PARKWAY RICHARDSON TX,(972) 916-7303,242
000243,950-88-3244,WANDA MILLS,79024 SURREY WAY DALLAS TX,(469) 920-6298,243
000244,315-12-0643,KAREN DAVIS,83 HOLY CROSS DRIVE DALLAS TX,(972) 890-5755,244
000245,328-21-2988,SCOTT MONTGOMERY,96247 ORIOLE CIRCLE DALLAS TX,(972) 929-5312,245
000246,752-03-8294,MICHAEL STEVENS,356 SHOSHONE DRIVE DALLAS TX,(469) 803-5017,246
000247,223-10-5941,ANDREA BAKER,90 HEATH DRIVE DALLAS TX,(469) 930-1109,247
000248,383-36-2902,MARILYN ALEXANDER,443 DOTTIE CIRCLE DALLAS TX,(972) 406-2617,248
000249,556-96-7003,HARRY ALVAREZ,636 EXPRESS WAY DALLAS TX,(214) 954-5716,249
000250,760-25-1865,ROSE PETERSON,034 SHELLEY DRIVE DALLAS TX,(972) 861-4171,250
000251,196-06-0978,BARBARA GARCIA,5690 ACKER ROAD DALLAS TX,(469) 517-8843,251
000252,140-56-2974,ANN BERRY,37940 MORNING HILL DALLAS TX,(972) 918-7984,252
000253,493-92-4232,PAUL TURNER,75287 PLEASURE PLACE DALLAS TX,(972) 782-6768,253
000254,353-18-9662,THERESA DAY,9 AMERICAN ASH CROSSING DALLAS TX,(972) 909-4722,254
000255,926-42-8995,ANDREW GILBERT,8 AMERICAN PARKWAY DALLAS TX,(972) 834-2804,255
000256,741-11-7814,ALICE TURNER,4 NAMEKAGON LANE DALLAS TX,(214) 660-6741,256
000257,700-23-8477,JULIE SMITH,61345 NAMEKAGON PLACE DALLAS TX,(469) 861-2346,257
000258,390-30-8158,ALICE CARR,7564 OHIO PLAZA DALLAS TX,(214) 549-1687,258
000259,941-05-7192,HARRY BAKER,7 STRAUBEL CENTER PLANO TX,(469) 590-5412,259
000260,949-37-6371,DONNA COOPER,1629 SUMMER RIDGE PLAZA DALLAS TX,(469) 957-3027,260
000261,947-04-7262,LAURA ROGERS,7776 SUMMER RIDGE COURT DALLAS TX,(972) 730-7675,261
000262,443-61-5562,JESSICA HICKS,17138 RYAN CIRCLE DALLAS TX,(469) 815-6162,262
000263,428-09-7397,GEORGE TURNER,4 QUINCY PASS RICHARDSON TX,(214) 958-2175,263
000264,354-53-8826,JOAN WATKINS,9601 LERDAHL PASS PLANO TX,(214) 814-9170,264
000265,757-21-3141,ANDREA GONZALEZ,127 RUSSELL HILL DALLAS TX,(972) 809-5959,265
000266,924-17-9942,BILLY LITTLE,46 AUTUMN LEAF JUNCTION DALLAS TX,(972) 986-6001,266
000267,778-68-6617,TERESA MARSHALL,2 SHERIDAN TRAIL DALLAS TX,(469) 884-2394,267
000268,431-20-0144,BENJAMIN LYNCH,53 TENNYSON PARK DALLAS TX,(469) 877-9851,268
000269,851-35-0300,NANCY DIXON,4 DWIGHT STREET DALLAS TX,(972) 770-3641,269
000270,583-40-6101,JEAN DUNN,4 NORTH STREET DALLAS TX,(469) 995-6149,270
000271,125-98-5061,ANTHONY GARDNER,9823 DONALD TERRACE DALLAS TX,(972) 432-3180,271
000272,750-84-1386,BENJAMIN MORRISON,21 ORIOLE TERRACE DALLAS TX,(214) 409-6322,272
000273,319-09-3742,ANNE DIXON,9579 BROWNING CROSSING DALLAS TX,(972) 907-6080,273
000274,585-90-0674,DENISE WALLACE,6021 PORTAGE PARK DALLAS TX,(972) 940-4355,274
000275,416-38-3510,LINDA OWENS,13 MONTEREY ALLEY RICHARDSON TX,(214) 836-3577,275
000276,614-68-5656,LARRY WARREN,2657 MITCHELL HILL PLANO TX,(972) 938-7212,276
000277,984-48-8111,EDWARD HUNT,6 CLAREMONT AVENUE DALLAS TX,(972) 763-1900,277
000278,446-20-4077,HARRY MCDONALD,22283 FARRAGUT PLACE PLANO TX,(214) 873-3156,278
000279,154-67-1759,LAWRENCE WELLS,841 DELAWARE PLACE DALLAS TX,(214) 976-7034,279
000280,218-70-1729,MARTIN FULLER,53309 BUHLER PLACE DALLAS TX,(469) 667-3361,280
000281,685-99-2971,ROGER ELLIS,74213 CHARING CROSS CIRCLE DALLAS TX,(972) 976-7863,281
000282,551-99-0871,PATRICK MORENO,490 ROCKEFELLER LANE DALLAS TX,(972) 955-5269,282
000283,156-64-6797,ANDREW COLE,30 SUNFIELD PASS PLANO TX,(214) 879-7342,283
000284,704-85-7803,JOAN HUDSON,4 EVERETT COURT DALLAS TX,(214) 954-1417,284
000285,491-79-6292,CHRIS POWELL,4 JENIFER CIRCLE DALLAS TX,(469) 726-7925,285
000286,164-90-8064,ANNA PEREZ,1241 GRACELAND COURT DALLAS TX,(469) 996-2325,286
000287,857-94-0950,DEBRA GRAY,251 MONTEREY HILL DALLAS TX,(469) 973-4499,287
000288,581-46-2753,ANNIE SHAW,561 CODY CROSSING PLANO TX,(214) 764-1587,288
000289,300-46-8310,SHAWN MARTINEZ,19 LUNDER PARK DALLAS TX,(469) 986-4161,289
000290,691-97-1438,MARY GRAHAM,701 CORDELIA COURT DALLAS TX,(214) 687-0840,290
000291,239-90-4011,JANET WEST,2308 DIVISION CENTER DALLAS TX,(214) 978-0541,291
000292,702-60-4201,AARON ARNOLD,5886 BANDING TRAIL DALLAS TX,(214) 955-5863,292
000293,253-17-0796,JUSTIN BROWN,611 GREEN PLAZA PLANO TX,(214) 901-6023,293
000294,547-06-9057,GEORGE TORRES,64206 CALYPSO HILL DALLAS TX,(972) 925-4199,294
000295,722-28-9325,BRIAN ROMERO,4418 GREEN RIDGE TERRACE DALLAS TX,(469) 825-9159,295
000296,488-01-1020,LAWRENCE MORRIS,42 MAGDELINE PASS DALLAS TX,(214) 942-2979,296
000297,947-93-9771,PATRICK GARCIA,1 NEVADA PARKWAY DALLAS TX,(469) 827-6118,297
000298,708-32-6866,ASHLEY MORENO,067 MORNING PARK DALLAS TX,(469) 869-6226,298
000299,421-79-0842,AARON ELLIS,1925 GRASSKAMP ALLEY DALLAS TX,(469) 937-9272,299
000300,554-28-3296,JIMMY JAMES,3 KNUTSON WAY DALLAS TX,(972) 930-8175,300
000301,271-28-4504,MARIA TORRES,56168 ARIZONA DRIVE DALLAS TX,(214) 931-8328,301
000302,453-78-4845,CHRIS OWENS,6 BROWNING PARK DALLAS TX,(972) 701-4889,302
000303,556-27-9759,ELIZABETH HARVEY,1995 NELSON PARK DALLAS TX,(972) 992-9375,303
000304,212-61-9406,JANE BAKER,0062 SUNBROOK JUNCTION DALLAS TX,(469) 754-6653,304
000305,142-06-8429,LISA KELLEY,272 LARRY DRIVE DALLAS TX,(469) 930-6637,305
000306,205-62-6313,JONATHAN DIAZ,18283 BROWN CENTER DALLAS TX,(469) 940-2479,306
000307,592-93-9926,MILDRED ALLEN,5734 LA FOLLETTE POINT DALLAS TX,(469) 946-2268,307
000308,714-97-1208,LINDA ROGERS,0590 NORTHPORT DRIVE DALLAS TX,(972) 947-1564,308
000309,949-18-1878,GARY GARRETT,5285 2ND COURT DALLAS TX,(469) 939-2476,309
000310,454-36-5067,EARL HALL,7755 PARK MEADOW WAY DALLAS TX,(214) 882-0672,310
000311,586-20-4125,BENJAMIN BAILEY,72101 ELMSIDE PARKWAY DALLAS TX,(214) 896-3364,311
000312,853-10-4620,ANGELA GRAHAM,5 HIGH CROSSING CROSSING RICHARDSON TX,(972) 878-1468,312
000313,132-68-7899,DENNIS HUNTER,7 2ND PLACE PLANO TX,(469) 967-8745,313
000314,618-21-2736,MATTHEW STEVENS,9603 HANSONS WAY DALLAS TX,(469) 861-3808,314
000315,852-75-0048,ANNIE FREEMAN,7466 GULSETH ALLEY DALLAS TX,(972) 921-0146,315
000316,652-37-4979,RICHARD LAWSON,792 DOTTIE CIRCLE DALLAS TX,(214) 545-9387,316
000317,953-35-3551,SUSAN ALLEN,6 MORROW ALLEY DALLAS TX,(214) 748-0451,317
000318,269-55-4900,ROSE COLEMAN,26094 LOOMIS ALLEY DALLAS TX,(469) 819-2212,318
000319,398-57-5624,KATHY ELLIOTT,28 BOYD PASS DALLAS TX,(469) 996-0439,319
000320,769-13-6801,TERESA BROOKS,57699 OAK CIRCLE RICHARDSON TX,(972) 731-4160,320
000321,781-65-2211,JULIE LANE,8261 MAGDELINE ROAD DALLAS TX,(214) 930-8339,321
000322,880-14-5596,JESSICA DAY,80 CASCADE JUNCTION DALLAS TX,(214) 947-1788,322
000323,472-47-3959,BILLY CRUZ,75 MOSINEE COURT DALLAS TX,(214) 797-5929,323
000324,628-10-4874,MARTHA MCCOY,74 CLAREMONT PARK DALLAS TX,(214) 915-1572,324
000325,799-41-8699,FRANCES LONG,0 SCHLIMGEN ALLEY DALLAS TX,(214) 951-4800,325
000326,826-57-4791,CAROLYN DUNCAN,1 MERRY PLACE DALLAS TX,(214) 279-8556,326
000327,497-33-4483,RYAN MENDOZA,9 MYRTLE WAY DALLAS TX,(214) 867-1887,327
000328,733-61-4241,JERRY OLIVER,0 VERA ALLEY DALLAS TX,(469) 734-8276,328
000329,669-72-6189,JUAN SMITH,3 DIXON PARKWAY DALLAS TX,(214) 909-9366,329
000330,867-23-4679,MARILYN WHITE,769 MAYFIELD CENTER DALLAS TX,(972) 933-0968,330
000331,410-60-8961,ANNE MORENO,60 RAVEN PASS DALLAS TX,(214) 886-0662,331
000332,381-83-9299,RUBY GREENE,328 FALLVIEW CENTER RICHARDSON TX,(214) 872-7995,332
000333,186-53-8147,SHAWN RIVERA,8 AMERICAN HILL DALLAS TX,(972) 528-2505,333
000334,100-08-2010,TINA HAMILTON,24695 DI LORETO CROSSING DALLAS TX,(972) 755-6424,334
000335,166-29-5051,BENJAMIN GRAHAM,08 NEW CASTLE AVENUE DALLAS TX,(214) 983-4311,335
000336,869-23-6916,DORIS BAILEY,5773 EASTLAWN CENTER DALLAS TX,(469) 801-1479,336
000337,242-20-9101,JASON WASHINGTON,3225 VERA LANE RICHARDSON TX,(972) 931-0247,337
000338,456-04-0469,EVELYN WILSON,9873 KIM CENTER RICHARDSON TX,(469) 901-5209,338
000339,812-93-7575,STEVE CUNNINGHAM,5615 MCBRIDE PARK DALLAS TX,(214) 883-3172,339
000340,696-31-4035,HENRY HOWARD,9 LAKEWOOD AVENUE DALLAS TX,(214) 848-6192,340
000341,399-88-0576,TIMOTHY CRAWFORD,39384 TONY TERRACE DALLAS TX,(972) 729-2932,341
000342,342-52-5404,TODD ROSE,8 MOSINEE PLAZA PLANO TX,(469) 893-2893,342
000343,699-25-9472,MARY NELSON,8 COLORADO AVENUE DALLAS TX,(214) 241-4452,343
000344,188-14-3830,JASON WATKINS,74155 WELCH TERRACE DALLAS TX,(972) 915-1343,344
000345,562-73-5031,KATHY COLE,8600 ANNIVERSARY PASS DALLAS TX,(214) 993-7915,345
000346,633-54-2851,ALBERT REYES,43 TRANSPORT PASS DALLAS TX,(469) 808-4965,346
000347,256-93-5132,AARON HARVEY,1807 PRAIRIEVIEW PASS DALLAS TX,(214) 632-9282,347
000348,973-81-6951,JACK WARD,5 SUSAN PLAZA RICHARDSON TX,(972) 918-4342,348
000349,324-71-1906,DOROTHY SPENCER,90651 BELLGROVE JUNCTION DALLAS TX,(972) 892-8862,349
000350,227-59-5562,LAWRENCE HUNT,2 RANDY COURT DALLAS TX,(972) 962-4743,350
000351,931-62-4904,BEVERLY FERNANDEZ,480 TOBAN LANE RICHARDSON TX,(469) 975-3330,351
000352,625-57-7457,KAREN JOHNSTON,3 COLEMAN PLAZA DALLAS TX,(214) 768-1518,352
000353,285-70-4379,HOWARD GONZALEZ,7699 DAKOTA TERRACE DALLAS TX,(214) 905-6019,353
000354,490-16-4375,DOROTHY GRAHAM,9 MCGUIRE ALLEY RICHARDSON TX,(469) 619-4224,354
000355,246-40-5583,BARBARA ANDERSON,77 RONALD REGAN PARK RICHARDSON TX,(214) 947-1531,355
000356,697-56-6815,FRANCES WILLIS,61438 BECKER PARK DALLAS TX,(469) 900-5979,356
000357,878-94-1305,MARTHA ARNOLD,52279 HAUK PLAZA DALLAS TX,(469) 968-6237,357
000358,721-32-2687,MARIA MEDINA,6 GINA CROSSING DALLAS TX,(214) 851-3813,358
000359,842-65-5010,JONATHAN FOX,32 SPRINGS ROAD DALLAS TX,(972) 916-5884,359
000360,657-17-6421,CARLOS CARTER,96207 3RD PARK DALLAS TX,(214) 928-7624,360
000361,422-81-7045,ADAM FERGUSON,0 SUMMERVIEW COURT DALLAS TX,(214) 957-5621,361
000362,644-09-0337,NICHOLAS WHEELER,756 PLEASURE CIRCLE DALLAS TX,(469) 973-3255,362
000363,903-98-1679,RAYMOND ROGERS,16 MONUMENT PARKWAY RICHARDSON TX,(469) 887-9227,363
000364,847-29-3619,BRANDON STEVENS,94647 VILLAGE JUNCTION DALLAS TX,(214) 693-6689,364
000365,822-62-5312,LORI FERGUSON,49 SACHTJEN CROSSING DALLAS TX,(214) 968-1515,365
000366,629-41-9551,ROY TURNER,61544 TALMADGE DRIVE RICHARDSON TX,(469) 927-5678,366
000367,235-79-8503,MARTHA WARREN,94 VAHLEN HILL DALLAS TX,(972) 776-3863,367
000368,265-90-7820,RUBY ANDERSON,0482 HAAS TERRACE DALLAS TX,(469) 873-2923,368
000369,694-92-0573,STEVEN BAILEY,8987 LAWN PARK DALLAS TX,(469) 938-8249,369
000370,143-30-2355,MELISSA PERKINS,0039 HANSON COURT DALLAS TX,(972) 995-3027,370
000371,344-69-2006,RUBY ROSS,86591 ROXBURY CIRCLE DALLAS TX,(214) 917-1080,371
000372,566-64-7874,BILLY KING,831 SUTHERLAND POINT PLANO TX,(214) 846-6560,372
000373,163-65-8067,MILDRED SANCHEZ,09 ANNAMARK CIRCLE DALLAS TX,(469) 877-2424,373
000374,588-45-9557,LINDA DUNCAN,09159 CHARING CROSS WAY DALLAS TX,(972) 877-3172,374
000375,142-74-6194,JANICE MONTGOMERY,661 GRASSKAMP ALLEY DALLAS TX,(214) 905-8688,375
000376,694-58-3169,ROBIN COX,0 GERALD COURT DALLAS TX,(972) 722-1586,376
000377,513-11-0091,CAROL HOWELL,273 SULLIVAN LANE RICHARDSON TX,(214) 831-1374,377
000378,432-49-7884,DORIS WELCH,74 OAKRIDGE ALLEY DALLAS TX,(469) 983-6603,378
000379,204-46-7713,DEBRA KELLY,0 MAYWOOD STREET DALLAS TX,(469) 926-2312,379
000380,597-00-1738,SCOTT MORALES,823 SHERMAN POINT PLANO TX,(469) 801-1210,380
000381,221-70-6594,LOUISE MURPHY,7113 CARPENTER DRIVE DALLAS TX,(469) 988-1773,381
000382,300-48-5255,JACK CRUZ,55322 LINDEN POINT DALLAS TX,(469) 896-0110,382
000383,823-59-7520,TERESA CARTER,4757 KINGSFORD STREET DALLAS TX,(214) 964-1732,383
000384,526-53-0309,ERIC FLORES,0 VERA CENTER DALLAS TX,(214) 868-2141,384
000385,996-22-6511,LOUIS ELLIOTT,02 JENNA TRAIL DALLAS TX,(972) 567-4117,385
000386,688-12-7828,NICHOLAS EVANS,13 RUSSELL LANE DALLAS TX,(214) 975-3027,386
000387,389-89-9874,EVELYN BAILEY,77832 WEST PARK DALLAS TX,(972) 978-9540,387
000388,614-07-9273,ARTHUR RAY,3079 DONALD POINT DALLAS TX,(469) 754-2762,388
000389,189-81-8299,SHAWN BURNS,51 NELSON PLAZA DALLAS TX,(469) 978-8065,389
000390,874-30-0223,HENRY WALLACE,4139 SPAIGHT ROAD RICHARDSON TX,(972) 524-8949,390
000391,841-42-8500,KATHY GARCIA,3657 ANHALT TRAIL RICHARDSON TX,(469) 867-8069,391
000392,933-68-6811,KENNETH SANCHEZ,06600 UTAH CROSSING DALLAS TX,(972) 810-0694,392
000393,124-81-1894,CARL BISHOP,01 GOODLAND JUNCTION DALLAS TX,(469) 792-3214,393
000394,255-45-0108,HARRY TUCKER,8 WAUBESA PARKWAY DALLAS TX,(214) 925-4392,394
000395,694-43-1375,CHRISTOPHER MARSHALL,34693 WARBLER JUNCTION PLANO TX,(214) 646-3142,395
000396,405-10-9736,RUSSELL MURPHY,9552 MANDRAKE CENTER DALLAS TX,(214) 843-3552,396
000397,752-91-8139,JESSICA CARR,9 SUTTERIDGE PASS DALLAS TX,(469) 949-9851,397
000398,324-70-7021,CHERYL MOORE,0 2ND PLAZA DALLAS TX,(972) 272-0101,398
000399,903-05-2325,LORI CARROLL,879 CLARENDON ALLEY DALLAS TX,(469) 989-2206,399
000400,323-48-3150,FRANK MARTIN,428 LINDBERGH WAY DALLAS TX,(972) 802-1808,400
000401,748-29-7839,JOYCE ALLEN,5911 TROY PASS DALLAS TX,(469) 935-7570,401
000402,203-92-3954,PHILIP GONZALEZ,2 BUHLER STREET DALLAS TX,(214) 941-2219,402
000403,483-93-2540,NICOLE BELL,69 MANITOWISH LANE DALLAS TX,(214) 901-7334,403
000404,235-14-1141,JOSEPH PERRY,45 JUDY TRAIL DALLAS TX,(214) 938-2436,404
000405,138-49-9901,DORIS PETERSON,56 OXFORD AVENUE DALLAS TX,(214) 956-2812,405
000406,311-51-3288,GREGORY MARSHALL,17 EASTWOOD TERRACE DALLAS TX,(214) 824-0301,406
000407,359-35-2008,VIRGINIA KELLY,37408 MORROW COURT PLANO TX,(972) 839-9825,407
000408,608-20-9205,BEVERLY HAWKINS,0 HOVDE TERRACE DALLAS TX,(469) 814-1846,408
000409,539-33-7584,SCOTT GONZALEZ,623 WESTEND WAY DALLAS TX,(469) 928-6396,409
000410,407-50-8210,PAUL MCDONALD,334 ORIN AVENUE DALLAS TX,(972) 994-1541,410
000411,158-21-4344,DENNIS DUNCAN,05 MITCHELL HILL DALLAS TX,(469) 906-7817,411
000412,146-55-7699,MARY RYAN,24029 NEVADA WAY DALLAS TX,(469) 827-6766,412
000413,870-93-1419,VICTOR SMITH,0 HELENA POINT DALLAS TX,(214) 828-3216,413
000414,752-50-3597,RUBY MURRAY,4920 WESTEND COURT DALLAS TX,(214) 859-6221,414
000415,894-84-4831,JEAN GARZA,91 HAVEY PLAZA PLANO TX,(972) 738-9037,415
000416,327-53-6005,ANDREW JORDAN,38498 PARK MEADOW CROSSING DALLAS TX,(469) 762-1505,416
000417,868-79-0477,HARRY MARSHALL,24 HEFFERNAN CROSSING PLANO TX,(972) 927-0592,417
000418,409-03-9079,WAYNE FRANKLIN,35 CONTINENTAL ALLEY DALLAS TX,(214) 741-9000,418
000419,653-59-9039,LILLIAN GONZALEZ,9922 ARKANSAS CIRCLE PLANO TX,(972) 872-9248,419
000420,718-47-6143,RACHEL BISHOP,70227 VERNON WAY DALLAS TX,(972) 798-2559,420
000421,841-96-3890,ALAN LYNCH,332 DAYTON PLAZA PLANO TX,(214) 930-8850,421
000422,931-94-4929,CARLOS RAY,62 MONUMENT PARK DALLAS TX,(469) 942-7494,422
000423,720-85-0355,FRANK TAYLOR,5 LIEN CENTER DALLAS TX,(214) 621-5602,423
000424,836-23-8686,MELISSA BURTON,5 SPRINGS LANE DALLAS TX,(469) 567-0603,424
000425,999-28-2020,ANNE NELSON,34365 KROPF PARK DALLAS TX,(972) 904-1974,425
000426,919-67-6865,AMANDA BAILEY,29 CONTINENTAL POINT DALLAS TX,(214) 819-4931,426
000427,362-09-9834,CHRIS DUNCAN,35 ALPINE AVENUE DALLAS TX,(214) 940-2965,427
000428,762-37-8033,ELIZABETH GIBSON,6602 NAMEKAGON WAY DALLAS TX,(972) 863-7573,428
000429,424-50-1775,KEITH BROWN,471 BURNING WOOD PARK DALLAS TX,(214) 849-4296,429
000430,221-74-2881,KAREN SANCHEZ,71 OLD GATE POINT DALLAS TX,(214) 915-6512,430
000431,467-35-1217,MARILYN MEYER,3981 LERDAHL POINT DALLAS TX,(972) 956-5459,431
000432,142-41-8822,HAROLD LITTLE,81271 EVERGREEN LANE DALLAS TX,(469) 888-8096,432
000433,626-74-9990,HENRY DEAN,4913 BRENTWOOD CENTER DALLAS TX,(469) 950-2072,433
000434,468-99-7446,JOYCE RIVERA,3 JOHNSON PASS DALLAS TX,(469) 982-3317,434
000435,560-85-1499,MARIE JOHNSON,6 GRAEDEL STREET RICHARDSON TX,(972) 701-4623,435
000436,650-87-6068,AARON CLARK,5169 BASHFORD POINT PLANO TX,(214) 931-4554,436
000437,262-55-8913,ANNE CAMPBELL,0140 GROVER PLACE DALLAS TX,(214) 962-1673,437
000438,691-11-1485,JANICE GARRETT,439 PRENTICE HILL DALLAS TX,(972) 911-1842,438
000439,772-97-8655,BOBBY JOHNSON,7 MOULTON CROSSING DALLAS TX,(469) 948-5326,439
000440,807-93-7008,FRED WELCH,0 LUKKEN ALLEY DALLAS TX,(214) 955-3447,440
000441,464-18-8734,LAURA CHAPMAN,304 LUNDER HILL RICHARDSON TX,(469) 823-5855,441
000442,307-70-2725,ALBERT CASTILLO,2 BEILFUSS CENTER DALLAS TX,(214) 705-0297,442
000443,528-91-7558,JULIA OLIVER,42421 FARMCO STREET DALLAS TX,(972) 780-5174,443
000444,408-53-0520,DAVID RUSSELL,57840 LAUREL ALLEY DALLAS TX,(972) 852-7339,444
000445,520-76-6004,RUSSELL MONTGOMERY,18 HAGAN PASS DALLAS TX,(972) 389-6002,445
000446,660-90-8261,JOE PRICE,1 LEROY PARK DALLAS TX,(214) 527-9098,446
000447,799-34-0025,ANTHONY HARRISON,7123 BUNKER HILL JUNCTION DALLAS TX,(972) 970-2532,447
000448,870-49-6647,GREGORY HUDSON,42 PARK MEADOW PARK DALLAS TX,(972) 883-9738,448
000449,707-63-8293,MICHELLE CHAPMAN,29 RIEDER PASS DALLAS TX,(972) 911-7317,449
000450,469-39-1386,CHRIS BAILEY,8 SOUTH COURT DALLAS TX,(214) 935-4761,450
000451,553-57-0780,KEVIN WOOD,0 PIERSTORFF PARK DALLAS TX,(469) 876-1298,451
000452,316-43-6159,LOUISE SPENCER,4462 BLAINE AVENUE DALLAS TX,(214) 877-5122,452
000453,455-51-2609,RUTH LEE,58 WAUBESA AVENUE DALLAS TX,(469) 940-2041,453
000454,995-34-9938,CAROLYN ALEXANDER,634 JUDY PASS DALLAS TX,(214) 882-9567,454
000455,149-26-9323,BARBARA RIVERA,93 NORTH PASS DALLAS TX,(972) 696-7148,455
000456,889-46-9650,ADAM MCDONALD,20734 BEILFUSS PARK DALLAS TX,(972) 846-7469,456
000457,242-32-1789,SARA GRAHAM,4992 RIDGEVIEW COURT DALLAS TX,(469) 586-2569,457
000458,900-93-1217,HENRY SPENCER,919 7TH PLAZA DALLAS TX,(214) 949-3097,458
000459,669-83-7441,LILLIAN AUSTIN,8 EAGLE CREST WAY RICHARDSON TX,(469) 980-2648,459
000460,989-79-1559,JERRY PIERCE,16 CHARING CROSS CENTER DALLAS TX,(469) 546-3297,460
000461,336-44-7837,EMILY RUIZ,1 CLAREMONT JUNCTION PLANO TX,(214) 961-5149,461
000462,928-58-0480,LILLIAN BAKER,111 VILLAGE PLAZA RICHARDSON TX,(469) 643-7532,462
000463,186-05-2080,RUTH BUTLER,41052 WAUBESA LANE RICHARDSON TX,(972) 760-5201,463
000464,922-11-3673,CATHERINE WELCH,666 KIM CROSSING DALLAS TX,(972) 895-2567,464
000465,209-54-9222,HOWARD CASTILLO,4069 ONEILL POINT RICHARDSON TX,(214) 332-8692,465
000466,352-50-9918,JUSTIN SANDERS,2 MAYER JUNCTION PLANO TX,(214) 883-7551,466
000467,651-14-8311,RONALD ROBERTS,25 SOUTH LANE DALLAS TX,(972) 703-1253,467
000468,724-31-5669,JANE HARRISON,8070 CLARENDON PARKWAY DALLAS TX,(469) 907-0689,468
000469,506-88-8490,BENJAMIN GRANT,89750 KENWOOD CROSSING DALLAS TX,(469) 978-2012,469
000470,581-20-4224,HARRY MILLER,721 HIGH CROSSING COURT DALLAS TX,(214) 867-9998,470
000471,878-06-0469,MATTHEW BURKE,735 TOBAN PARK PLANO TX,(972) 915-3614,471
000472,246-12-3136,CHRISTINE CHAVEZ,560 ATWOOD PASS DALLAS TX,(214) 937-6446,472
000473,938-95-9106,ERIC HERNANDEZ,80149 HAAS COURT DALLAS TX,(214) 905-1189,473
000474,734-24-8047,DIANA JONES,499 PEARSON JUNCTION DALLAS TX,(469) 838-4299,474
000475,829-11-9179,JANET RICE,35291 BUNKER HILL WAY DALLAS TX,(214) 291-3432,475
000476,744-91-0994,DIANE RUIZ,36 CAMBRIDGE PARK DALLAS TX,(469) 888-5191,476
000477,981-13-1196,THERESA RUSSELL,589 NORTHWESTERN PARK DALLAS TX,(214) 851-1236,477
000478,770-00-5747,WAYNE HUNT,9818 WESTEND CENTER PLANO TX,(469) 941-4660,478
000479,842-92-7572,VIRGINIA GORDON,76 TONY ROAD DALLAS TX,(214) 913-8462,479
000480,737-53-3435,GLORIA RICE,9 GOLF VIEW ALLEY DALLAS TX,(214) 920-9672,480
000481,451-56-2506,MILDRED BUTLER,67 WESTERFIELD AVENUE DALLAS TX,(469) 283-4838,481
000482,368-38-1777,DEBRA WEST,4799 MELODY PARKWAY RICHARDSON TX,(972) 966-6826,482
000483,199-36-9132,NANCY WHEELER,737 DOE CROSSING TRAIL DALLAS TX,(972) 898-3947,483
000484,931-76-2866,LAWRENCE STONE,8 DARWIN ALLEY RICHARDSON TX,(214) 949-9916,484
000485,371-28-8168,RACHEL REYES,6 ANNIVERSARY ALLEY RICHARDSON TX,(972) 939-6714,485
000486,435-69-4707,AMANDA SIMPSON,15 DIXON STREET DALLAS TX,(972) 740-1910,486
000487,235-32-3985,LORI CARROLL,213 FOREST POINT DALLAS TX,(469) 958-8957,487
000488,148-55-6625,BOBBY AUSTIN,62352 PANKRATZ ROAD RICHARDSON TX,(972) 912-7272,488
000489,253-35-6885,BRENDA CARPENTER,6664 PRAIRIE ROSE POINT DALLAS TX,(214) 986-1471,489
000490,817-44-1979,SHARON MASON,33 MOULTON LANE DALLAS TX,(972) 901-1745,490
000491,639-31-4924,JOSHUA ROSS,4376 KROPF ROAD DALLAS TX,(214) 915-4707,491
000492,926-53-1333,MELISSA MCCOY,08770 MOLAND LANE RICHARDSON TX,(469) 926-4571,492
000493,728-54-9849,BOBBY KELLY,79 BURNING WOOD PASS DALLAS TX,(214) 860-1350,493
000494,846-65-0817,JENNIFER ORTIZ,25989 MCCORMICK DRIVE DALLAS TX,(469) 874-7030,494
000495,810-70-4323,CHRIS CARTER,50486 GRIM ALLEY DALLAS TX,(469) 916-1204,495
000496,919-26-6378,CHRISTOPHER GONZALES,49163 MOOSE POINT DALLAS TX,(214) 959-6901,496
000497,966-29-4430,ALBERT GIBSON,90 LILLIAN TRAIL DALLAS TX,(469) 951-7990,497
000498,435-99-9670,DORIS ROSE,1891 MELROSE TERRACE RICHARDSON TX,(972) 849-4915,498
000499,416-21-6778,MARILYN JORDAN,61 EAGLE CREST JUNCTION RICHARDSON TX,(214) 796-3512,499
000500,306-68-0158,JOE BOWMAN,26225 8TH ROAD DALLAS TX,(972) 882-8221,500
000501,840-12-3188,DENISE PRICE,46 KNUTSON DRIVE RICHARDSON TX,(972) 488-9450,501
000502,332-41-0512,EVELYN EDWARDS,7867 NANCY PARK DALLAS TX,(972) 209-1095,502
000503,196-02-7403,KIMBERLY HERNANDEZ,2 BUELL DRIVE DALLAS TX,(469) 779-6890,503
000504,388-55-1450,NORMA BOYD,35 SERVICE COURT DALLAS TX,(972) 833-7491,504
000505,395-16-7095,SHARON RAMOS,39 DAYSTAR HILL DALLAS TX,(214) 898-7050,505
000506,541-25-5056,RACHEL RILEY,01017 JAY PLAZA DALLAS TX,(972) 803-8359,506
000507,132-58-8039,RANDY JENKINS,794 BUENA VISTA ROAD DALLAS TX,(469) 894-9345,507
000508,774-38-4043,JOHN CLARK,0708 NORTH TERRACE DALLAS TX,(469) 918-1359,508
000509,495-55-0985,RUBY HANSEN,8756 WAYRIDGE DRIVE DALLAS TX,(469) 941-4442,509
000510,739-90-9261,ASHLEY PETERS,28880 4TH ALLEY DALLAS TX,(972) 893-4339,510
000511,377-63-8268,ALBERT GARCIA,0 MAPLE TERRACE PLANO TX,(972) 931-7094,511
000512,150-30-2288,CLARENCE HOLMES,291 1ST TERRACE RICHARDSON TX,(214) 952-6641,512
000513,849-92-8312,JULIE PARKER,3377 DAHLE STREET DALLAS TX,(214) 876-9952,513
000514,953-43-1417,MICHAEL MARTINEZ,0967 MELROSE AVENUE DALLAS TX,(214) 935-8776,514
000515,337-86-8085,WILLIAM BERRY,9 HAGAN STREET DALLAS TX,(214) 885-1966,515
000516,465-95-8833,GERALD BURKE,5175 FLORENCE CENTER DALLAS TX,(469) 999-7380,516
000517,960-83-9340,LINDA RODRIGUEZ,2427 REINDAHL PARK DALLAS TX,(972) 664-5725,517
000518,709-91-1641,TERRY STEPHENS,27291 FARRAGUT COURT DALLAS TX,(972) 890-0078,518
000519,423-06-4282,TIMOTHY HUNT,4219 WESTPORT HILL RICHARDSON TX,(214) 950-1960,519
000520,622-29-9732,RICHARD CRUZ,813 DARWIN AVENUE DALLAS TX,(972) 889-2210,520
000521,631-12-8701,GREGORY GOMEZ,3993 AMERICAN CIRCLE DALLAS TX,(972) 867-8273,521
000522,699-59-0681,LOUISE GARZA,14760 BOBWHITE TERRACE DALLAS TX,(469) 893-7918,522
000523,762-63-8070,JAMES ADAMS,055 ALPINE WAY RICHARDSON TX,(972) 925-4501,523
000524,149-42-1309,VICTOR GARDNER,12141 CORSCOT JUNCTION DALLAS TX,(972) 962-2925,524
000525,531-67-5941,ERNEST LANE,66226 NOVA WAY PLANO TX,(469) 999-6823,525
000526,156-63-1943,JOE GRIFFIN,205 FULLER PLAZA DALLAS TX,(469) 912-4055,526
000527,664-38-4205,SEAN KELLY,3 GERALD COURT DALLAS TX,(214) 970-9971,527
000528,662-87-7945,ANGELA TURNER,53 COLORADO PASS PLANO TX,(469) 945-2673,528
000529,678-62-8472,JERRY HOWARD,68198 MONTEREY PARKWAY DALLAS TX,(972) 936-3734,529
000530,216-37-2770,ASHLEY LOPEZ,405 HOVDE WAY DALLAS TX,(972) 956-4194,530
000531,302-51-0303,ALBERT MARSHALL,933 CLAREMONT AVENUE DALLAS TX,(972) 771-8796,531
000532,194-03-3629,MICHELLE WILLIAMS,07 MARQUETTE ROAD DALLAS TX,(469) 921-7056,532
000533,303-31-8810,SHARON WELLS,23 TWIN PINES PARKWAY DALLAS TX,(972) 841-5472,533
000534,785-25-4186,DORIS GORDON,358 PEARSON COURT DALLAS TX,(469) 945-1043,534
000535,395-22-8160,PATRICIA LONG,76 JANA PLACE PLANO TX,(469) 711-2650,535
000536,374-21-6461,HELEN LEE,65137 SUMMERVIEW CROSSING DALLAS TX,(469) 656-8757,536
000537,746-77-1077,KIMBERLY COLLINS,9629 DELAWARE CROSSING DALLAS TX,(469) 789-3606,537
000538,376-27-2540,MARY DUNN,6848 SUNBROOK PARKWAY DALLAS TX,(214) 961-2821,538
000539,756-45-3967,AMY HARPER,5863 BOYD DRIVE DALLAS TX,(214) 988-3185,539
000540,873-25-3246,BOBBY LONG,35 PAGET CIRCLE PLANO TX,(214) 910-1295,540
000541,447-50-8678,SARA YOUNG,71916 SHERMAN POINT PLANO TX,(972) 918-2624,541
000542,303-61-3106,KATHY OLIVER,0 VICTORIA JUNCTION DALLAS TX,(972) 784-8364,542
000543,693-54-6232,RUBY RAY,17 HERMINA POINT DALLAS TX,(214) 987-1219,543
000544,107-16-4727,LORI SCHMIDT,181 ROWLAND HILL DALLAS TX,(469) 786-6455,544
000545,160-60-2907,RAYMOND FOX,1 FARWELL AVENUE DALLAS TX,(214) 986-0132,545
000546,192-57-3114,NANCY TURNER,1 VERMONT ALLEY DALLAS TX,(214) 984-4444,546
000547,214-13-7727,GREGORY RICHARDS,9 VIDON STREET DALLAS TX,(214) 911-5776,547
000548,480-37-2448,LAWRENCE PEREZ,6441 DEREK JUNCTION DALLAS TX,(972) 932-7049,548
000549,279-03-2319,THOMAS PIERCE,73803 PRAIRIEVIEW ALLEY DALLAS TX,(214) 837-7005,549
000550,860-31-5301,STEVE LARSON,6 NOBEL TRAIL DALLAS TX,(469) 818-8073,550
000551,375-32-0893,AARON COLEMAN,62 GOLDEN LEAF CROSSING PLANO TX,(972) 965-7245,551
000552,335-17-5061,JOE DANIELS,916 MARCY WAY RICHARDSON TX,(972) 852-7588,552
000553,273-16-3483,THERESA PORTER,8868 BLAINE PASS DALLAS TX,(214) 841-2263,553
000554,690-78-4766,KATHLEEN CRAWFORD,44 ELMSIDE PLACE DALLAS TX,(214) 466-2521,554
000555,371-48-9808,JOE BRADLEY,90362 KIPLING PLAZA DALLAS TX,(214) 934-9993,555
000556,957-05-0987,PAUL JACOBS,512 TENNESSEE PLACE DALLAS TX,(214) 842-8747,556
000557,229-10-8054,ANDREW REID,7654 MOLAND TERRACE DALLAS TX,(972) 610-4548,557
000558,714-89-8210,RALPH GEORGE,072 MERCHANT TRAIL DALLAS TX,(972) 917-6796,558
000559,401-33-5380,JEREMY BROWN,2 OLD SHORE PARK PLANO TX,(469) 982-3476,559
000560,953-58-5532,NICHOLAS KENNEDY,2067 JANA PARKWAY DALLAS TX,(214) 951-6843,560
000561,818-63-4715,RONALD WELLS,37 PRAIRIEVIEW PARKWAY PLANO TX,(469) 672-3875,561
000562,984-16-0277,ALBERT GILBERT,7169 SCOVILLE AVENUE DALLAS TX,(972) 599-7668,562
000563,762-90-9837,JASON TURNER,208 SUMMIT PARK DALLAS TX,(972) 919-7729,563
000564,229-26-6155,ARTHUR SPENCER,624 KROPF TERRACE DALLAS TX,(469) 790-4776,564
000565,673-35-9377,BONNIE RAY,20935 VAHLEN PASS DALLAS TX,(469) 690-0504,565
000566,414-82-6319,CAROL RYAN,43 SLOAN AVENUE DALLAS TX,(469) 959-3742,566
000567,832-18-4025,KEVIN LITTLE,244 TONY CENTER DALLAS TX,(214) 865-6806,567
000568,562-28-1756,TODD HALL,3896 CORSCOT CIRCLE DALLAS TX,(214) 623-7406,568
000569,243-20-4627,RALPH HART,16083 LILLIAN CROSSING DALLAS TX,(469) 916-1028,569
000570,152-91-1428,RUBY MARTIN,6 MERRY TRAIL DALLAS TX,(469) 781-1733,570
000571,200-92-4036,JULIA KIM,30 CORSCOT TERRACE RICHARDSON TX,(972) 826-8872,571
000572,869-20-2424,LAWRENCE REYES,70001 LUNDER PASS PLANO TX,(469) 952-7199,572
000573,766-56-6664,RONALD RIVERA,0 FULLER TRAIL DALLAS TX,(469) 977-6988,573
000574,966-33-9584,KENNETH MEDINA,652 MELODY AVENUE DALLAS TX,(469) 815-2235,574
000575,761-70-9256,ANGELA CLARK,916 ELKA PLACE DALLAS TX,(972) 726-9437,575
000576,191-21-0161,DIANE BROWN,4221 PETTERLE JUNCTION PLANO TX,(972) 633-7951,576
000577,597-21-1875,JACK WARD,00625 WARNER STREET DALLAS TX,(972) 802-4440,577
000578,175-99-0098,ROGER POWELL,48387 CORBEN JUNCTION DALLAS TX,(214) 803-6520,578
000579,541-56-2611,RACHEL COOK,214 EASTWOOD HILL DALLAS TX,(214) 862-3951,579
000580,454-07-8145,KAREN BURKE,09242 VICTORIA PLAZA DALLAS TX,(469) 897-7697,580
000581,947-35-1972,KIMBERLY ROBINSON,26233 ONEILL JUNCTION DALLAS TX,(214) 810-2174,581
000582,679-65-6095,SAMUEL BRYANT,95 PEARSON PASS DALLAS TX,(972) 509-6994,582
000583,522-26-5924,RUSSELL BERRY,27 MOOSE PLAZA PLANO TX,(214) 969-7916,583
000584,624-87-7517,PAULA FRAZIER,713 HAVEY COURT DALLAS TX,(469) 704-7407,584
000585,502-80-0344,ANNA RICE,9 LUNDER CENTER DALLAS TX,(469) 960-1948,585
000586,385-99-4195,DIANE STANLEY,96 ROTH HILL RICHARDSON TX,(214) 955-8100,586
000587,678-08-8971,BILLY SNYDER,8170 CLARENDON CROSSING DALLAS TX,(972) 883-8736,587
000588,850-26-9485,JUAN BAILEY,6 LOGAN CROSSING PLANO TX,(972) 954-9785,588
000589,119-17-4689,PATRICIA GREEN,27001 MAYFIELD STREET DALLAS TX,(972) 880-1670,589
000590,640-57-8903,LOUISE HARRISON,4383 FOREST DALE HILL PLANO TX,(972) 591-6825,590
000591,915-81-5067,SCOTT CUNNINGHAM,1312 KINSMAN TERRACE DALLAS TX,(469) 940-8227,591
000592,287-08-2149,STEVE WHITE,57 VERA LANE DALLAS TX,(972) 573-3704,592
000593,915-62-6265,BRANDON JONES,8845 BLACKBIRD TERRACE DALLAS TX,(214) 982-8588,593
000594,622-62-2819,REBECCA REED,012 SUNBROOK PLACE PLANO TX,(469) 800-1493,594
000595,330-90-1862,KELLY HAWKINS,517 BAY CROSSING DALLAS TX,(972) 839-2019,595
000596,159-37-4167,KENNETH HUDSON,16 PORTER TRAIL DALLAS TX,(972) 977-7399,596
000597,332-96-2350,TAMMY BUTLER,0897 AMOTH HILL DALLAS TX,(214) 934-8616,597
000598,179-13-6812,STEVEN LANE,0185 HOLLOW RIDGE STREET DALLAS TX,(214) 993-0045,598
000599,640-94-5337,JEAN WEST,5487 TOMSCOT PLACE PLANO TX,(214) 814-4521,599
000600,381-83-4152,KEITH MASON,1 NORWAY MAPLE PARK RICHARDSON TX,(469) 237-7698,600
000601,480-06-1832,JOSE MORALES,36703 PENNSYLVANIA CENTER DALLAS TX,(214) 936-8952,601
000602,360-26-2573,JOHNNY HARRIS,816 RAMSEY PASS DALLAS TX,(214) 800-8878,602
000603,271-80-3746,HAROLD ROMERO,864 CLOVE PLAZA DALLAS TX,(972) 958-7058,603
000604,161-60-2246,JOSE PHILLIPS,726 FARWELL ROAD DALLAS TX,(469) 922-7795,604
000605,968-21-3159,TINA NGUYEN,7814 FAIRVIEW AVENUE DALLAS TX,(214) 858-2813,605
000606,994-00-7169,MICHELLE HILL,70 JANA PLAZA PLANO TX,(214) 805-4933,606
000607,164-07-0343,HENRY POWELL,1 ARAPAHOE PLAZA DALLAS TX,(469) 861-9090,607
000608,491-05-7221,DONNA NELSON,4 HOMEWOOD ALLEY DALLAS TX,(469) 700-9754,608
000609,511-95-4134,LOUIS PERRY,1655 HEFFERNAN PASS DALLAS TX,(214) 820-3573,609
000610,196-78-4374,PAUL LEE,41406 RIDGE OAK PARKWAY DALLAS TX,(972) 810-6175,610
000611,112-60-2094,DIANA KING,65113 SAINT PAUL COURT DALLAS TX,(972) 748-9174,611
000612,376-03-6774,EVELYN CAMPBELL,68 MIFFLIN COURT DALLAS TX,(214) 743-4130,612
000613,277-81-5111,LOUIS HOWARD,0 LYONS PARK DALLAS TX,(972) 941-3029,613
000614,658-05-1653,IRENE ROBINSON,04 FAIRFIELD PARKWAY DALLAS TX,(469) 943-6537,614
000615,155-87-2365,ALICE ARMSTRONG,7068 DEREK ALLEY DALLAS TX,(214) 911-6490,615
000616,665-02-8900,EUGENE WOODS,56245 GRACELAND WAY DALLAS TX,(972) 832-8839,616
000617,670-32-5349,LOUIS TAYLOR,09508 THACKERAY CENTER DALLAS TX,(214) 932-0979,617
000618,416-31-2379,DEBORAH OWENS,12322 HAYES CENTER DALLAS TX,(214) 971-1946,618
000619,346-41-4220,MARILYN COLLINS,305 1ST CROSSING DALLAS TX,(972) 927-4971,619
000620,475-06-7256,VIRGINIA GONZALEZ,03722 HUXLEY POINT DALLAS TX,(214) 864-3430,620
000621,701-28-5911,HELEN RYAN,51 KENNEDY PARKWAY DALLAS TX,(214) 988-0720,621
000622,646-84-1183,JOHN MYERS,4 MENDOTA JUNCTION DALLAS TX,(214) 437-0969,622
000623,748-14-1656,MARY COLLINS,261 ALMO ALLEY DALLAS TX,(469) 987-5918,623
000624,802-79-0419,RAYMOND CARTER,71 EASTWOOD WAY DALLAS TX,(972) 891-0800,624
000625,124-07-9804,MARY RAMOS,6 ANDERSON LANE PLANO TX,(214) 989-0536,625
000626,311-30-5644,KATHY FERGUSON,20 7TH PLACE DALLAS TX,(214) 607-7944,626
000627,156-04-8304,CLARENCE MORALES,4645 HOMEWOOD TRAIL PLANO TX,(214) 900-0324,627
000628,590-28-7564,TERESA CAMPBELL,0241 BULTMAN POINT DALLAS TX,(214) 930-0030,628
000629,157-33-0075,ROGER NGUYEN,249 MARQUETTE CENTER DALLAS TX,(972) 931-8604,629
000630,326-20-8507,PHYLLIS LONG,9 BLUESTEM CIRCLE DALLAS TX,(972) 661-7458,630
000631,536-17-5051,MICHAEL TAYLOR,18398 FLORENCE PLACE DALLAS TX,(972) 833-7591,631
000632,906-45-2011,JOHN WATKINS,1669 RIDGEVIEW HILL RICHARDSON TX,(214) 925-0299,632
000633,336-89-2349,CAROLYN GARCIA,9 DAPIN TRAIL DALLAS TX,(214) 920-2780,633
000634,255-25-6148,DONALD PHILLIPS,7 ALPINE ALLEY DALLAS TX,(214) 813-6913,634
000635,292-88-0298,DEBORAH WATSON,75 CAREY PARKWAY DALLAS TX,(469) 809-1498,635
000636,640-78-6255,ANNIE SHAW,66820 BUNTING PLAZA DALLAS TX,(972) 965-6678,636
000637,847-47-8564,ALAN PRICE,84 RUTLEDGE JUNCTION DALLAS TX,(972) 776-5854,637
000638,126-26-3636,KATHRYN MORRISON,59100 ONSGARD CROSSING DALLAS TX,(972) 875-1440,638
000639,471-61-6333,CHRISTOPHER JOHNSON,777 LUDINGTON TERRACE DALLAS TX,(972) 679-9556,639
000640,439-03-8518,JOSHUA BISHOP,0 GRIM PLACE DALLAS TX,(214) 600-5143,640
000641,391-22-2309,ERNEST JONES,8085 WEEPING BIRCH ALLEY DALLAS TX,(972) 948-1978,641
000642,897-34-6632,MELISSA BANKS,578 REINDAHL TRAIL DALLAS TX,(972) 993-2150,642
000643,985-72-2421,ARTHUR LANE,26696 STEENSLAND COURT PLANO TX,(214) 959-8756,643
000644,325-85-6108,JOYCE PERKINS,8 BLUESTEM PARK DALLAS TX,(972) 942-5394,644
000645,506-85-1419,JUDITH SULLIVAN,95194 BADEAU TRAIL DALLAS TX,(972) 890-8729,645
000646,103-27-3706,BILLY JOHNSON,95272 KENSINGTON PLAZA DALLAS TX,(972) 823-5333,646
000647,378-57-9726,MARIE BELL,74 ANDERSON AVENUE DALLAS TX,(469) 991-0533,647
000648,764-94-7005,JIMMY FORD,14311 MERCHANT COURT DALLAS TX,(469) 937-3556,648
000649,667-37-5162,ALICE MCCOY,6 NELSON AVENUE DALLAS TX,(469) 848-7697,649
000650,946-02-5323,RICHARD MATTHEWS,121 WARRIOR ALLEY DALLAS TX,(972) 963-0887,650
000651,143-59-3681,DANIEL FOSTER,84 CHARING CROSS AVENUE DALLAS TX,(972) 838-0899,651
000652,251-35-0397,EARL BANKS,0 LINDBERGH PLACE DALLAS TX,(972) 921-9987,652
000653,709-47-1259,SCOTT ROGERS,9 GULSETH CIRCLE DALLAS TX,(469) 936-7824,653
000654,211-17-9786,RICHARD BAKER,68093 RIDGE OAK JUNCTION DALLAS TX,(972) 957-8835,654
000655,375-17-9234,ROBIN MCDONALD,3407 OLD GATE CIRCLE DALLAS TX,(972) 858-2976,655
000656,512-45-0642,VICTOR RILEY,219 FAIR OAKS PARK DALLAS TX,(214) 932-7141,656
000657,727-22-0778,ANNE LOPEZ,62 TRUAX TERRACE DALLAS TX,(972) 987-8304,657
000658,315-71-5729,MARGARET FISHER,53744 PRENTICE ALLEY DALLAS TX,(469) 711-2192,658
000659,897-19-4834,AMANDA PERKINS,629 TROY WAY DALLAS TX,(972) 937-2368,659
000660,619-76-5825,LINDA PERRY,83189 ESCH CIRCLE DALLAS TX,(214) 865-3742,660
000661,272-90-8955,WANDA LAWRENCE,6239 MANDRAKE ALLEY DALLAS TX,(214) 772-4765,661
000662,100-07-8344,TINA MITCHELL,42613 PANKRATZ HILL DALLAS TX,(972) 791-8636,662
000663,392-34-3414,JACQUELINE GORDON,3603 VERNON JUNCTION DALLAS TX,(972) 979-5379,663
000664,850-03-5811,BETTY HUNT,79 WELCH COURT DALLAS TX,(214) 615-4372,664
000665,190-47-5767,KEVIN WEBB,156 LUKKEN LANE DALLAS TX,(214) 947-7416,665
000666,529-87-4076,JOSHUA EVANS,225 DIXON CENTER RICHARDSON TX,(214) 882-4750,666
000667,836-54-2070,KATHLEEN PETERS,5024 PARK MEADOW PARK DALLAS TX,(214) 838-2643,667
000668,265-54-1326,MARIE MASON,651 CODY TRAIL DALLAS TX,(972) 918-8605,668
000669,941-12-6153,JEAN MORRISON,68 STUART PARKWAY DALLAS TX,(972) 767-8868,669
000670,190-47-8274,DANIEL HUDSON,16609 OAK VALLEY PLAZA DALLAS TX,(214) 921-7666,670
000671,318-20-1054,JUDITH DIXON,8 ALMO COURT DALLAS TX,(972) 908-2892,671
000672,963-64-2281,ROY MORALES,05025 MUIR POINT DALLAS TX,(972) 635-1013,672
000673,531-84-3873,JUSTIN MARSHALL,972 CROWNHARDT CIRCLE PLANO TX,(469) 778-6036,673
000674,635-15-6122,GREGORY SMITH,59810 ERIE CIRCLE DALLAS TX,(972) 868-0952,674
000675,552-29-0884,DEBORAH REED,426 SWALLOW HILL RICHARDSON TX,(214) 981-2497,675
000676,578-14-7271,PAMELA KING,1754 PENNSYLVANIA WAY PLANO TX,(214) 989-0559,676
000677,520-65-9256,ALAN WELCH,1102 MAGDELINE COURT RICHARDSON TX,(469) 984-4212,677
000678,393-11-9047,SAMUEL MOORE,41307 GRASSKAMP DRIVE DALLAS TX,(972) 850-8906,678
000679,343-72-6326,KATHERINE HOLMES,0 ROWLAND AVENUE DALLAS TX,(972) 954-3190,679
000680,900-26-2190,HAROLD WILLIAMS,7576 VERMONT PLAZA DALLAS TX,(214) 889-7673,680
000681,133-85-2262,EVELYN NGUYEN,590 INDEPENDENCE CIRCLE DALLAS TX,(469) 746-7480,681
000682,824-55-4537,JOE COOPER,1421 LINDEN AVENUE PLANO TX,(469) 977-1179,682
000683,784-92-2076,HELEN FERNANDEZ,70499 MICHIGAN CIRCLE DALLAS TX,(469) 831-8504,683
000684,151-58-6475,NICHOLAS GIBSON,2454 CLEMONS CROSSING PLANO TX,(972) 906-3742,684
000685,122-74-8518,ANGELA TUCKER,50 BRENTWOOD CROSSING DALLAS TX,(972) 650-5349,685
000686,917-44-4969,AMY WASHINGTON,93083 ELKA LANE DALLAS TX,(972) 817-2285,686
000687,688-02-5499,GREGORY SANCHEZ,230 BRIAR CREST ROAD DALLAS TX,(972) 860-8215,687
000688,941-81-2456,TERRY KENNEDY,55 SUMMER RIDGE POINT DALLAS TX,(214) 945-1527,688
000689,370-79-5137,CHARLES BRADLEY,10 KENWOOD AVENUE DALLAS TX,(214) 763-4487,689
000690,972-75-6100,JUDY GILBERT,0 ROTH ALLEY DALLAS TX,(214) 917-8414,690
000691,820-05-9916,PAUL CHAPMAN,57011 REINDAHL TERRACE RICHARDSON TX,(469) 918-9529,691
000692,536-88-7676,CHERYL TAYLOR,4916 STANG HILL PLANO TX,(469) 602-9760,692
000693,753-82-4781,LINDA NELSON,46 LUKKEN HILL DALLAS TX,(214) 728-3594,693
000694,617-28-1448,EDWARD HARVEY,2989 LEROY POINT DALLAS TX,(469) 999-8714,694
000695,735-50-3554,CAROLYN CHAPMAN,9524 AMOTH LANE DALLAS TX,(214) 947-2089,695
000696,525-50-2241,JACK HUDSON,2 CLAREMONT DRIVE DALLAS TX,(972) 544-4023,696
000697,534-11-4411,ADAM GARDNER,907 CORBEN ALLEY DALLAS TX,(214) 548-0751,697
000698,363-38-9674,JULIA PIERCE,8 HEATH AVENUE RICHARDSON TX,(469) 701-5525,698
000699,407-53-1627,JANET ROBERTSON,20 MESTA PLAZA DALLAS TX,(214) 836-2849,699
000700,240-04-1102,MARIA ROMERO,188 LOEPRICH DRIVE RICHARDSON TX,(214) 845-7095,700
000701,472-98-6371,DIANA ROGERS,58 WELCH PLACE DALLAS TX,(469) 502-6533,701
000702,663-09-0104,EVELYN CARTER,8 FAIR OAKS ALLEY PLANO TX,(469) 825-0017,702
000703,535-55-5684,BRUCE ARMSTRONG,9 MEMORIAL JUNCTION PLANO TX,(214) 875-5764,703
000704,325-18-4093,JANICE MATTHEWS,967 MIFFLIN CENTER DALLAS TX,(469) 914-7781,704
000705,371-06-4026,MILDRED NELSON,9598 UNION TERRACE DALLAS TX,(972) 452-3908,705
000706,222-63-3734,SHAWN ROBERTSON,6590 HOLY CROSS WAY DALLAS TX,(972) 656-2026,706
000707,276-49-3884,ELIZABETH TUCKER,65 FULTON COURT DALLAS TX,(214) 987-6456,707
000708,122-23-9319,DOROTHY HARPER,83 BOYD CENTER DALLAS TX,(214) 827-1293,708
000709,323-59-6505,JACK WOODS,10 CREST LINE PASS DALLAS TX,(214) 942-9460,709
000710,436-60-5376,ERIC JORDAN,154 REDWING WAY RICHARDSON TX,(469) 924-3271,710
000711,283-97-2577,MARILYN TAYLOR,57 FARMCO PARK DALLAS TX,(214) 806-7627,711
000712,248-17-2518,TIMOTHY EDWARDS,109 LARRY ROAD DALLAS TX,(214) 974-9365,712
000713,637-48-2284,CAROL WELCH,121 OHIO ROAD DALLAS TX,(214) 821-0016,713
000714,164-19-4566,SANDRA REED,1876 WESTEND COURT PLANO TX,(469) 896-9764,714
000715,498-44-8648,JASON DUNN,90950 SHERMAN WAY RICHARDSON TX,(972) 712-6791,715
000716,741-86-2253,PAULA JORDAN,0 SCHURZ LANE DALLAS TX,(214) 956-1394,716
000717,694-72-1725,WILLIE HERNANDEZ,46 BLUEJAY CROSSING DALLAS TX,(469) 869-1585,717
000718,500-83-0564,CHRIS PHILLIPS,2563 MACPHERSON AVENUE DALLAS TX,(214) 795-5477,718
000719,849-33-1958,JUAN HAYES,5 MELVIN JUNCTION DALLAS TX,(469) 666-0063,719
000720,398-41-8926,HELEN LOPEZ,2 MARYLAND PARK RICHARDSON TX,(214) 904-8793,720
000721,642-59-9156,JUSTIN PORTER,66 LERDAHL STREET DALLAS TX,(469) 820-0587,721
000722,236-99-9327,JOHNNY GARCIA,85 SLOAN STREET DALLAS TX,(469) 962-1344,722
000723,590-51-2989,KATHERINE TAYLOR,00 CAREY ALLEY DALLAS TX,(469) 755-0265,723
000724,847-74-4073,JACQUELINE HOWELL,30 MEADOW VALLEY TRAIL DALLAS TX,(972) 817-4256,724
000725,743-83-9247,EARL RICHARDS,431 BIRCHWOOD COURT DALLAS TX,(214) 959-4661,725
000726,482-29-7565,CLARENCE WOODS,7 SCHILLER ROAD PLANO TX,(214) 913-1723,726
000727,209-78-7735,JESSICA GONZALES,645 RUTLEDGE ROAD DALLAS TX,(972) 938-3645,727
000728,831-59-6111,MATTHEW WARREN,4561 TEXAS LANE DALLAS TX,(972) 971-6529,728
000729,280-98-5533,KATHY SMITH,8726 PACKERS PARKWAY DALLAS TX,(214) 953-4343,729
000730,925-63-9699,KEITH COLLINS,99196 SURREY COURT DALLAS TX,(214) 788-7439,730
000731,556-38-3135,JOAN GARRETT,43 SCOVILLE PASS PLANO TX,(972) 954-7260,731
000732,434-71-8048,DIANE LITTLE,11 DONALD ROAD PLANO TX,(469) 688-9174,732
000733,372-72-3479,WANDA MENDOZA,34327 SUNBROOK HILL DALLAS TX,(469) 569-6125,733
000734,657-61-4433,MARTIN NGUYEN,08974 BOWMAN WAY DALLAS TX,(469) 996-7003,734
000735,967-28-8561,DONALD ANDREWS,8 KENNEDY TERRACE DALLAS TX,(972) 828-3356,735
000736,895-97-4019,RUTH WEAVER,46239 KIPLING TERRACE DALLAS TX,(214) 802-4320,736
000737,469-60-9195,PATRICIA GILBERT,43 MARINERS COVE CENTER DALLAS TX,(214) 814-7712,737
000738,286-87-5683,CARLOS FORD,0 DOVETAIL AVENUE DALLAS TX,(214) 658-8568,738
000739,988-74-6162,LOUISE ARNOLD,55 MANDRAKE CROSSING DALLAS TX,(972) 903-4805,739
000740,284-97-8780,HENRY NICHOLS,08 OAK VALLEY PARK RICHARDSON TX,(214) 941-0961,740
000741,186-84-1844,KATHLEEN HAYES,72 MCGUIRE ROAD DALLAS TX,(469) 895-4109,741
000742,458-94-0428,BONNIE MCCOY,83175 COTTONWOOD WAY DALLAS TX,(214) 913-2990,742
000743,419-29-8694,JERRY MONTGOMERY,10 NORTHLAND PLAZA DALLAS TX,(214) 826-7806,743
000744,219-67-5666,JESSICA MCCOY,09315 TRAILSWAY COURT DALLAS TX,(214) 918-2939,744
000745,372-21-0737,JEAN RYAN,801 HOOKER CENTER RICHARDSON TX,(214) 998-5831,745
000746,338-73-5511,JOYCE CLARK,360 HOVDE WAY DALLAS TX,(469) 853-7767,746
000747,593-87-1261,MARILYN CRUZ,4 ESKER PLAZA DALLAS TX,(469) 947-7763,747
000748,132-70-2552,CHRISTINE YOUNG,70 MEADOW VALLEY PASS RICHARDSON TX,(972) 989-7753,748
000749,795-84-3330,MARIE PHILLIPS,8 PLEASURE DRIVE DALLAS TX,(469) 603-0113,749
000750,645-65-7799,ANN BRYANT,451 SUNDOWN DRIVE DALLAS TX,(214) 940-1980,750
000751,338-60-5273,BRUCE BAILEY,1228 WARNER HILL DALLAS TX,(972) 785-6558,751
000752,171-35-4592,JULIE FIELDS,0 HAYES ALLEY DALLAS TX,(214) 226-5537,752
000753,872-37-7791,GREGORY SCHMIDT,998 MERCHANT CIRCLE DALLAS TX,(972) 990-8419,753
000754,264-34-8300,MARILYN RYAN,877 FORSTER LANE DALLAS TX,(469) 900-2911,754
000755,361-84-6572,JULIA LONG,472 FOREST TRAIL DALLAS TX,(972) 934-8954,755
000756,538-33-3604,VICTOR PETERSON,3653 SAGE PARKWAY DALLAS TX,(214) 965-4668,756
000757,294-41-0480,SARA RUIZ,75507 CENTER WAY RICHARDSON TX,(214) 988-8363,757
000758,286-27-4771,ROY BARNES,4505 TRANSPORT DRIVE DALLAS TX,(469) 530-2193,758
000759,528-82-3250,ANTHONY CARPENTER,61 KARSTENS PLAZA DALLAS TX,(214) 939-8741,759
000760,774-66-2989,JESSICA RODRIGUEZ,3969 SPRINGVIEW COURT DALLAS TX,(469) 846-8175,760
000761,147-96-7903,CRAIG CARTER,3 HAYES PLAZA DALLAS TX,(214) 974-6461,761
000762,126-49-2208,BRANDON ELLIS,9617 SUMMIT TERRACE DALLAS TX,(469) 767-8210,762
000763,509-31-0770,RICHARD TORRES,19723 CHEROKEE DRIVE DALLAS TX,(972) 915-3282,763
000764,335-36-3231,JANET MCDONALD,63455 DIVISION PARK PLANO TX,(469) 586-2793,764
000765,862-42-5821,RAYMOND CAMPBELL,495 MALLARD STREET DALLAS TX,(214) 881-9579,765
000766,430-93-4149,MARK FIELDS,03 MENOMONIE JUNCTION DALLAS TX,(972) 919-4515,766
000767,936-04-6604,WILLIAM COX,2 VEITH JUNCTION DALLAS TX,(972) 897-9587,767
000768,795-03-9664,RUBY HANSEN,759 MANDRAKE AVENUE DALLAS TX,(214) 912-1668,768
000769,737-18-1574,PHILLIP RICHARDS,29931 NORTHRIDGE TRAIL DALLAS TX,(972) 783-3567,769
000770,286-37-8304,RICHARD JORDAN,76466 MILWAUKEE LANE DALLAS TX,(469) 998-7983,770
000771,314-52-2705,MARIE PEREZ,38 SUMMER RIDGE COURT DALLAS TX,(469) 682-4358,771
000772,574-79-3097,CHERYL BUTLER,68 MAPLE COURT DALLAS TX,(469) 448-2582,772
000773,835-29-8866,MICHELLE CARPENTER,99896 NEW CASTLE TRAIL DALLAS TX,(469) 780-0762,773
000774,496-59-9897,ADAM COOPER,74125 LAUREL CENTER DALLAS TX,(214) 812-8288,774
000775,368-19-9311,NANCY SHAW,347 OAK PLAZA DALLAS TX,(214) 849-5837,775
000776,414-22-2220,ERNEST GOMEZ,34530 DONALD PASS DALLAS TX,(972) 966-3976,776
000777,888-89-3056,WANDA WILSON,3 ROCKEFELLER POINT DALLAS TX,(214) 783-6562,777
000778,572-70-8409,MELISSA BAILEY,94627 HOARD PARKWAY DALLAS TX,(972) 870-8953,778
000779,114-71-5828,CLARENCE GRAY,797 MERRICK WAY DALLAS TX,(972) 951-5685,779
000780,104-43-3663,JANICE HUNTER,3 SHERIDAN TRAIL DALLAS TX,(972) 888-0899,780
000781,329-05-3664,RAYMOND MURRAY,3083 CRESCENT OAKS ROAD DALLAS TX,(972) 900-8986,781
000782,447-69-9321,BRUCE HANSEN,88200 JOHNSON ALLEY DALLAS TX,(214) 892-9528,782
000783,937-66-7915,RYAN MCCOY,27278 AMERICAN ASH AVENUE DALLAS TX,(469) 786-6255,783
000784,764-89-6736,JERRY FOWLER,0 LIGHTHOUSE BAY CIRCLE DALLAS TX,(214) 653-3127,784
000785,134-92-4609,FRANK HARPER,8 FAIRVIEW DRIVE DALLAS TX,(972) 810-8573,785
000786,571-08-1675,GEORGE GARZA,0 GRANBY LANE DALLAS TX,(469) 758-5662,786
000787,914-59-1431,SHARON OLSON,7705 RIDGE OAK PLAZA RICHARDSON TX,(972) 982-4528,787
000788,310-91-2067,KATHRYN REED,086 BUNKER HILL WAY DALLAS TX,(972) 937-2108,788
000789,925-52-2771,RANDY WEAVER,5 DEL MAR JUNCTION RICHARDSON TX,(214) 853-7737,789
000790,193-13-7825,LINDA WASHINGTON,8122 SACHTJEN CIRCLE RICHARDSON TX,(972) 914-5391,790
000791,799-37-4997,ELIZABETH ANDERSON,80 DUNNING CIRCLE DALLAS TX,(469) 881-4443,791
000792,981-69-8236,HENRY KIM,9861 ELMSIDE CROSSING DALLAS TX,(214) 912-9599,792
000793,124-22-8351,EARL MORALES,16 MANLEY PASS DALLAS TX,(214) 651-0786,793
000794,980-98-1968,HOWARD FORD,31553 5TH PLACE RICHARDSON TX,(972) 940-7458,794
000795,486-25-9016,TAMMY FOX,29405 HAUK ROAD DALLAS TX,(214) 997-3240,795
000796,765-53-6457,SARAH HICKS,38 LIGHTHOUSE BAY PASS PLANO TX,(214) 901-9314,796
000797,750-87-6481,DIANA MONTGOMERY,2 WELCH PARKWAY DALLAS TX,(214) 603-6856,797
000798,796-84-4632,JOAN BOYD,393 SCHOOL PLAZA DALLAS TX,(469) 882-9965,798
000799,944-12-9610,BARBARA SIMMONS,678 BARNETT POINT DALLAS TX,(469) 415-7518,799
000800,604-14-8118,KEITH CARROLL,46912 VEITH PLACE DALLAS TX,(214) 821-2150,800
000801,554-70-7857,RUBY BRYANT,0502 DORTON PLACE DALLAS TX,(214) 583-2918,801
000802,968-07-8691,ANDREW HOLMES,87963 DARWIN PLAZA DALLAS TX,(469) 993-5278,802
000803,848-01-1355,JUAN KING,3344 SCHLIMGEN POINT DALLAS TX,(972) 823-3180,803
000804,522-56-7195,MICHAEL WARREN,1 NORTHWESTERN ROAD DALLAS TX,(469) 912-0181,804
000805,263-49-6672,RANDY WAGNER,28585 IOWA PASS RICHARDSON TX,(972) 981-8393,805
000806,916-96-2811,JOSE KELLY,088 CAMBRIDGE TRAIL PLANO TX,(972) 832-9963,806
000807,304-18-5907,PETER FORD,3 BOYD POINT DALLAS TX,(214) 978-2937,807
000808,381-33-3107,PETER EDWARDS,70349 HALLOWS WAY RICHARDSON TX,(214) 991-6626,808
000809,211-11-0916,LOUISE PETERS,79475 MORROW PASS DALLAS TX,(972) 902-4551,809
000810,343-23-0976,STEPHANIE PERRY,08750 FOREST DALE ROAD DALLAS TX,(214) 899-9004,810
000811,792-44-4178,LAWRENCE ADAMS,38 FORSTER TERRACE DALLAS TX,(214) 925-8866,811
000812,443-86-2495,GREGORY HANSEN,419 LONGVIEW TRAIL PLANO TX,(469) 899-8651,812
000813,797-38-1593,RALPH MEDINA,74 HIGH CROSSING LANE PLANO TX,(469) 953-9007,813
000814,223-83-8666,JOAN COOPER,52 FREMONT ROAD DALLAS TX,(972) 842-0287,814
000815,732-67-6734,KAREN GEORGE,560 MENOMONIE PLAZA DALLAS TX,(469) 551-3026,815
000816,639-56-1250,THERESA CUNNINGHAM,8148 FLORENCE DRIVE DALLAS TX,(469) 861-6774,816
000817,506-61-7033,DENNIS YOUNG,378 CARBERRY PLACE DALLAS TX,(214) 602-2841,817
000818,789-55-8630,JOSEPH CASTILLO,4 SURREY PARK DALLAS TX,(469) 916-0494,818
000819,100-43-9457,EUGENE FISHER,977 GINA JUNCTION DALLAS TX,(972) 926-5775,819
000820,622-93-0486,ELIZABETH MEDINA,044 PRENTICE CENTER PLANO TX,(972) 969-7931,820
000821,236-05-8310,JOYCE ARNOLD,48306 MOULTON PLAZA PLANO TX,(972) 958-8893,821
000822,294-25-9318,WILLIAM RAMOS,20 RED CLOUD TRAIL RICHARDSON TX,(972) 950-2750,822
000823,317-84-2700,BILLY REED,2 LOFTSGORDON ALLEY DALLAS TX,(972) 853-0282,823
000824,802-25-7025,SCOTT CARR,9 MEMORIAL PLACE DALLAS TX,(469) 979-5007,824
000825,713-06-2568,DORIS CARPENTER,55093 BUNTING PASS DALLAS TX,(972) 413-6984,825
000826,863-24-4380,AARON KENNEDY,51078 FISK PARKWAY DALLAS TX,(214) 900-5041,826
000827,957-88-2521,EUGENE GEORGE,32186 KATIE PARK DALLAS TX,(469) 642-7160,827
000828,971-59-7462,MARILYN WASHINGTON,7639 NORTHFIELD PARK DALLAS TX,(214) 531-0051,828
000829,778-11-2383,SARA PATTERSON,938 VERMONT CROSSING DALLAS TX,(972) 871-5585,829
000830,432-34-5988,SAMUEL HENRY,031 HINTZE TERRACE DALLAS TX,(972) 825-3266,830
000831,110-87-5003,PHILLIP KENNEDY,41 LEROY CENTER DALLAS TX,(469) 995-0612,831
000832,862-95-3192,ROBIN WELCH,4 TEXAS TRAIL DALLAS TX,(972) 778-2143,832
000833,639-00-1709,ROSE GARRETT,2384 CAREY ROAD PLANO TX,(214) 860-5621,833
000834,687-26-7934,REBECCA MEYER,38 NELSON LANE PLANO TX,(972) 936-2303,834
000835,648-00-1339,MICHELLE REID,7 SUNBROOK CIRCLE DALLAS TX,(469) 941-2469,835
000836,362-56-0347,JUDY RICE,49031 SAINT PAUL AVENUE DALLAS TX,(469) 935-1827,836
000837,840-08-8767,KEVIN CARROLL,36 JANA LANE DALLAS TX,(469) 964-0568,837
000838,268-14-2587,KATHRYN OWENS,664 CLEMONS HILL DALLAS TX,(214) 812-2116,838
000839,211-96-5010,BRIAN ELLIOTT,28 GRAEDEL HILL DALLAS TX,(972) 857-3817,839
000840,704-93-5430,KEITH ALVAREZ,73423 MALLARD PARK DALLAS TX,(972) 985-3882,840
000841,493-28-0872,CHRISTOPHER HAMILTON,42 JOHNSON PLACE PLANO TX,(972) 756-5173,841
000842,104-87-2254,MILDRED WASHINGTON,093 REINDAHL ALLEY DALLAS TX,(469) 863-5699,842
000843,634-96-0779,MARIA PATTERSON,435 MOCKINGBIRD ROAD DALLAS TX,(214) 689-4556,843
000844,973-88-0017,TAMMY ROMERO,77652 QUINCY JUNCTION DALLAS TX,(469) 653-5925,844
000845,701-06-3601,SHIRLEY ELLIS,74 BOYD CIRCLE DALLAS TX,(469) 920-2738,845
000846,948-86-4146,GERALD CARTER,6829 ABERG PARK DALLAS TX,(214) 994-1903,846
000847,405-84-3532,SANDRA DIAZ,73631 ARAPAHOE PLAZA DALLAS TX,(214) 832-3930,847
000848,648-26-1008,JOYCE MILLER,2 ANNAMARK CENTER DALLAS TX,(972) 961-6545,848
000849,401-78-7678,EDWARD FREEMAN,415 DI LORETO PLAZA PLANO TX,(972) 989-4204,849
000850,138-67-0395,WILLIE GRIFFIN,990 MOLAND LANE DALLAS TX,(214) 928-8621,850
000851,576-90-5231,EUGENE GIBSON,11945 DELAWARE TRAIL DALLAS TX,(972) 954-4027,851
000852,511-59-7913,BEVERLY CARROLL,7263 MARINERS COVE PARK DALLAS TX,(214) 917-7386,852
000853,427-26-2369,KEVIN WEAVER,9746 SPRINGVIEW LANE DALLAS TX,(469) 942-2408,853
000854,981-70-0822,DIANA COLLINS,00 STOUGHTON PASS DALLAS TX,(972) 804-5134,854
000855,842-92-6012,MELISSA COLE,405 LUKKEN PARK DALLAS TX,(972) 786-8554,855
000856,842-48-2817,WILLIE YOUNG,4 BOWMAN LANE DALLAS TX,(214) 928-4186,856
000857,420-41-5414,JUAN NICHOLS,8095 GROVER POINT DALLAS TX,(469) 804-3343,857
000858,571-34-6457,KEVIN MASON,132 HUXLEY STREET DALLAS TX,(469) 973-8133,858
000859,977-49-7404,RONALD OWENS,160 FORSTER COURT PLANO TX,(214) 986-1282,859
000860,625-10-0221,HOWARD MASON,725 SHELLEY STREET DALLAS TX,(972) 884-9005,860
000861,344-02-3503,SCOTT SULLIVAN,3 DOTTIE WAY DALLAS TX,(972) 881-9868,861
000862,217-52-9370,MARGARET PAYNE,706 SPENSER DRIVE PLANO TX,(972) 760-0404,862
000863,676-28-3465,ASHLEY DIXON,07278 ARIZONA ROAD DALLAS TX,(972) 818-9660,863
000864,927-53-6184,MARILYN VASQUEZ,85753 SOMMERS PARKWAY PLANO TX,(214) 435-8942,864
000865,369-13-2148,AMANDA OLSON,2 THOMPSON HILL DALLAS TX,(972) 979-2331,865
000866,275-69-7155,HEATHER FERNANDEZ,18106 BEILFUSS WAY DALLAS TX,(469) 854-7653,866
000867,993-11-4983,STEPHANIE DIAZ,52331 MONICA DRIVE DALLAS TX,(214) 912-8213,867
000868,867-83-7085,ROY KELLY,7053 OLD GATE ALLEY DALLAS TX,(469) 974-8373,868
000869,466-06-1410,SCOTT CHAVEZ,3 KINGSFORD AVENUE DALLAS TX,(469) 963-3427,869
000870,632-92-1297,DONNA MITCHELL,4741 KENWOOD JUNCTION DALLAS TX,(214) 951-3865,870
000871,585-80-2785,LOUIS HARRIS,2747 RIEDER PLAZA DALLAS TX,(214) 886-3021,871
000872,512-23-3537,HENRY HANSEN,2900 SURREY STREET DALLAS TX,(214) 964-2420,872
000873,772-62-3065,KATHRYN PORTER,53 DAPIN PARKWAY DALLAS TX,(972) 844-8439,873
000874,190-88-7543,ANNE JOHNSON,20069 MELVIN CENTER DALLAS TX,(214) 975-6054,874
000875,329-18-4164,TODD TAYLOR,97238 ONSGARD TRAIL DALLAS TX,(214) 937-3241,875
000876,654-19-5151,JULIA FERNANDEZ,34619 MARCY CROSSING DALLAS TX,(972) 966-9920,876
000877,591-02-8727,CRAIG ROBINSON,30 SUTTERIDGE POINT DALLAS TX,(469) 919-0979,877
000878,299-37-0401,NANCY SHAW,5834 VILLAGE CROSSING DALLAS TX,(214) 788-2516,878
000879,939-58-3158,LAWRENCE NICHOLS,6423 ROTH PARK DALLAS TX,(214) 925-2580,879
000880,170-66-3784,JIMMY DIAZ,0301 ORIOLE LANE DALLAS TX,(469) 473-0533,880
000881,740-80-4320,BOBBY MCDONALD,3 SCOVILLE DRIVE DALLAS TX,(972) 527-7603,881
000882,953-63-4906,JESSE CUNNINGHAM,790 MARQUETTE HILL DALLAS TX,(214) 936-7626,882
000883,200-60-0963,GREGORY ANDREWS,361 SACHS CROSSING DALLAS TX,(214) 973-0715,883
000884,499-38-8289,TINA ROGERS,79 FOREST DALE ROAD DALLAS TX,(469) 984-9258,884
000885,312-18-8191,HENRY ALLEN,9 PENNSYLVANIA STREET DALLAS TX,(972) 939-2237,885
000886,215-99-1270,CAROLYN GORDON,6 FULLER AVENUE RICHARDSON TX,(469) 829-5466,886
000887,154-27-1288,LOUISE HUDSON,04798 LOEPRICH ALLEY DALLAS TX,(972) 955-8037,887
000888,772-41-5591,JOHN VASQUEZ,52 DARWIN PARK DALLAS TX,(469) 978-1123,888
000889,888-06-1132,KATHRYN GRAHAM,45 EVERETT PASS DALLAS TX,(469) 921-3046,889
000890,992-83-5801,PATRICIA PERKINS,0 HEFFERNAN DRIVE DALLAS TX,(972) 971-8654,890
000891,252-88-4550,HENRY ARNOLD,47 BECKER LANE PLANO TX,(972) 470-2949,891
000892,534-51-9042,RUBY BISHOP,5 INTERNATIONAL POINT DALLAS TX,(972) 944-4239,892
000893,292-84-4463,PHYLLIS DUNN,8316 CALYPSO COURT DALLAS TX,(214) 835-0529,893
000894,144-30-3599,LOUISE WOOD,000 MCCORMICK PLAZA DALLAS TX,(972) 914-5297,894
000895,895-44-1229,TAMMY SHAW,0 CAREY PARKWAY RICHARDSON TX,(214) 905-2378,895
000896,955-03-9519,ERIC RIVERA,466 TONY CIRCLE DALLAS TX,(972) 932-9658,896
000897,743-94-0520,JOE WILLIAMS,748 SCHLIMGEN AVENUE DALLAS TX,(972) 852-8033,897
000898,140-10-0901,AARON SNYDER,1 AMERICAN ASH AVENUE DALLAS TX,(214) 936-9743,898
000899,210-06-2715,LOUIS CLARK,4284 NORWAY MAPLE LANE DALLAS TX,(972) 872-7570,899
000900,357-34-7649,SARAH CHAVEZ,3 SCHMEDEMAN COURT DALLAS TX,(972) 524-1820,900
000901,427-38-8763,ROBIN ELLIS,67445 DUNNING LANE RICHARDSON TX,(972) 866-1973,901
000902,315-41-8687,JESSICA DAVIS,12957 INDEPENDENCE DRIVE PLANO TX,(972) 842-5888,902
000903,829-97-1624,LILLIAN STONE,919 JUDY WAY DALLAS TX,(972) 851-2126,903
000904,347-88-9624,RUTH STANLEY,1 WARRIOR PASS DALLAS TX,(972) 911-0228,904
000905,840-39-1806,JESSE DUNCAN,7787 HAAS HILL DALLAS TX,(972) 683-9815,905
000906,637-53-4929,LORI HUNTER,39 SWALLOW PLACE RICHARDSON TX,(469) 642-4787,906
000907,136-04-3559,TAMMY ROBINSON,0378 LONGVIEW PLAZA DALLAS TX,(469) 933-2520,907
000908,713-24-6764,JAMES DUNN,2 LUSTER HILL DALLAS TX,(214) 849-9192,908
000909,414-66-2512,EARL WHITE,3645 RAMSEY PLACE DALLAS TX,(972) 936-8134,909
000910,613-21-6220,JEREMY ROGERS,91121 MOULTON PLAZA PLANO TX,(469) 842-8404,910
000911,733-94-6852,EARL CHAPMAN,45 MOULTON JUNCTION DALLAS TX,(972) 997-7819,911
000912,606-73-0914,DOROTHY MILLER,52 HAZELCREST CROSSING DALLAS TX,(214) 803-3680,912
000913,154-97-3290,ANNA LOPEZ,49 3RD TERRACE DALLAS TX,(214) 959-4100,913
000914,369-65-4229,GARY FULLER,59 MACPHERSON CROSSING DALLAS TX,(214) 968-9302,914
000915,507-57-2316,ANGELA NGUYEN,45542 RUTLEDGE AVENUE DALLAS TX,(214) 978-0162,915
000916,325-17-0156,PAULA FRAZIER,916 MAYWOOD COURT PLANO TX,(214) 934-1206,916
000917,866-10-0944,DANIEL JOHNSON,76702 CALIANGT CIRCLE DALLAS TX,(469) 828-8109,917
000918,650-99-3347,RAYMOND BURKE,3001 CORSCOT DRIVE DALLAS TX,(469) 749-0551,918
000919,417-25-3686,ANNA FLORES,730 VERA AVENUE DALLAS TX,(214) 820-9633,919
000920,128-67-5708,KATHLEEN REED,89 TOMSCOT STREET DALLAS TX,(214) 941-0107,920
000921,412-58-0911,LINDA GARCIA,1 LUSTER STREET DALLAS TX,(972) 910-1369,921
000922,312-56-2889,KEVIN TURNER,3034 KIPLING DRIVE DALLAS TX,(214) 835-8339,922
000923,122-17-0911,JUAN DUNN,18 OAK DRIVE DALLAS TX,(214) 857-0040,923
000924,548-70-2653,ARTHUR LANE,79797 FIELDSTONE CIRCLE RICHARDSON TX,(214) 848-0150,924
000925,922-65-9466,DEBORAH MEDINA,4 CAMBRIDGE PARK DALLAS TX,(972) 679-5235,925
000926,380-74-6132,LISA CASTILLO,856 MITCHELL JUNCTION DALLAS TX,(469) 996-6025,926
000927,148-76-3309,LOUIS RIVERA,210 SUNFIELD TRAIL DALLAS TX,(469) 940-0843,927
000928,648-41-9002,CATHERINE HUNT,241 GULSETH CROSSING DALLAS TX,(469) 929-6433,928
000929,253-50-1861,BOBBY GOMEZ,53 KIPLING PLACE RICHARDSON TX,(469) 747-8105,929
000930,237-32-1975,JOHNNY JENKINS,6757 BUENA VISTA PARK DALLAS TX,(214) 711-0231,930
000931,304-04-2180,RICHARD SANCHEZ,6 BONNER ROAD DALLAS TX,(214) 789-8437,931
000932,416-32-8500,FRED PETERSON,723 EMMET AVENUE DALLAS TX,(214) 929-0915,932
000933,731-41-2008,GERALD JACOBS,539 POND POINT RICHARDSON TX,(972) 929-5037,933
000934,680-37-1075,TERESA PERRY,67 PORTER CENTER DALLAS TX,(469) 937-7720,934
000935,358-57-1779,JOYCE WATSON,033 FIELDSTONE PASS DALLAS TX,(469) 976-1235,935
000936,399-11-8418,ANTONIO CRAWFORD,94232 HUDSON DRIVE DALLAS TX,(469) 818-0847,936
000937,263-34-5944,SHAWN HANSON,88 PRAIRIEVIEW TERRACE DALLAS TX,(469) 712-3956,937
000938,871-14-1691,SANDRA HAYES,8 MORNING PARKWAY DALLAS TX,(972) 901-1242,938
000939,651-25-8004,JIMMY GARRETT,43 CLYDE GALLAGHER TERRACE DALLAS TX,(972) 984-4957,939
000940,484-44-5282,ANTONIO LAWRENCE,08482 MERRY ALLEY DALLAS TX,(972) 843-3635,940
000941,983-14-0730,MARIE MEDINA,7338 PIERSTORFF CIRCLE RICHARDSON TX,(469) 810-7312,941
000942,716-92-1888,JUAN ALLEN,5 VICTORIA ALLEY DALLAS TX,(469) 979-2886,942
000943,309-24-3620,GERALD PORTER,11934 UPHAM POINT DALLAS TX,(214) 706-8751,943
000944,776-60-4123,TODD BROOKS,7838 MOLAND PLAZA DALLAS TX,(469) 781-0440,944
000945,679-76-7522,JEAN RICE,48712 MOCKINGBIRD ROAD DALLAS TX,(469) 935-5450,945
000946,729-59-6353,JACK DAY,2107 KIPLING PLAZA DALLAS TX,(214) 913-6444,946
000947,628-48-3788,AMY WOODS,5 SHOSHONE CROSSING DALLAS TX,(469) 773-4866,947
000948,785-13-2932,RAYMOND GREENE,55619 SURREY PLAZA DALLAS TX,(469) 983-7473,948
000949,101-97-8660,ARTHUR WRIGHT,158 JOHN WALL STREET DALLAS TX,(214) 941-5089,949
000950,946-46-6223,DANIEL HUNT,13709 MARINERS COVE CENTER RICHARDSON TX,(972) 915-2723,950
000951,481-28-6748,JULIE HAMILTON,6209 LUDINGTON PASS DALLAS TX,(972) 812-7230,951
000952,864-59-5290,DIANA GARZA,83139 WARRIOR PARKWAY DALLAS TX,(972) 872-4808,952
000953,370-11-1197,WALTER CRUZ,463 HANOVER JUNCTION DALLAS TX,(972) 836-9111,953
000954,850-05-9666,MILDRED RAMIREZ,7 ANDERSON LANE DALLAS TX,(972) 826-9318,954
000955,475-45-2130,JEAN GILBERT,769 COLORADO CENTER DALLAS TX,(469) 850-6077,955
000956,704-23-0250,FRANCES PORTER,16 FARWELL PARK DALLAS TX,(214) 958-6327,956
000957,847-54-7019,JANE CARTER,746 EAST COURT DALLAS TX,(469) 859-2686,957
000958,316-40-2743,JOHNNY PERRY,5091 MELROSE COURT DALLAS TX,(469) 783-2541,958
000959,973-44-7229,DONALD POWELL,1901 LAUREL PASS DALLAS TX,(972) 917-5123,959
000960,597-54-1860,RUSSELL MORALES,6 CONTINENTAL HILL DALLAS TX,(469) 833-1681,960
000961,853-02-8515,EARL SMITH,73 TOWNE HILL DALLAS TX,(469) 919-5433,961
000962,961-10-2631,JANE PHILLIPS,9 NORTHLAND PLACE DALLAS TX,(469) 981-5694,962
000963,340-38-2920,RUBY BLACK,01580 MAIN ALLEY DALLAS TX,(214) 839-6582,963
000964,650-36-9913,TERESA FERNANDEZ,50 ARROWOOD CIRCLE RICHARDSON TX,(972) 918-7531,964
000965,940-61-5781,JACQUELINE HAMILTON,792 BURROWS LANE DALLAS TX,(972) 785-5033,965
000966,136-33-6897,ANTHONY ELLIOTT,82 HARPER LANE DALLAS TX,(972) 942-6006,966
000967,780-32-3564,LOUISE HENDERSON,58 SOUTHRIDGE WAY DALLAS TX,(469) 897-6813,967
000968,174-47-0894,LILLIAN CRUZ,1202 NEVADA CROSSING DALLAS TX,(469) 577-0003,968
000969,235-78-1401,DAVID DAVIS,6266 DEBS PLACE DALLAS TX,(214) 864-7187,969
000970,919-55-8047,JANICE PRICE,269 FARRAGUT TRAIL DALLAS TX,(214) 941-9869,970
000971,687-90-1452,DONALD PALMER,12 5TH JUNCTION RICHARDSON TX,(469) 677-4531,971
000972,535-61-9932,DONALD WASHINGTON,978 MOOSE PLAZA DALLAS TX,(972) 844-7608,972
000973,328-03-3548,JESSICA JONES,37 MELROSE COURT RICHARDSON TX,(972) 906-0660,973
000974,608-66-0102,AMY COLEMAN,2562 POND JUNCTION DALLAS TX,(214) 954-7729,974
000975,894-17-1936,MARIE RYAN,4287 CANARY CENTER DALLAS TX,(469) 924-4203,975
000976,882-93-4808,GLORIA BARNES,149 COLUMBUS AVENUE DALLAS TX,(214) 797-0275,976
000977,328-50-2075,CHARLES LAWRENCE,7 RANDY TERRACE DALLAS TX,(972) 813-8851,977
000978,179-35-6366,PATRICIA HILL,2506 RIDGEWAY DRIVE RICHARDSON TX,(469) 932-9594,978
000979,223-32-8250,RYAN YOUNG,40252 LYONS TERRACE DALLAS TX,(214) 742-4030,979
000980,504-76-4400,WILLIE WOODS,99 SUNBROOK CIRCLE DALLAS TX,(214) 810-2688,980
000981,131-82-6807,CYNTHIA WEBB,6016 LEROY WAY DALLAS TX,(214) 975-2196,981
000982,470-80-0995,JOYCE COX,5027 MEADOW VALE WAY RICHARDSON TX,(972) 832-4867,982
000983,210-87-6619,DEBRA KIM,303 BASHFORD ROAD PLANO TX,(469) 747-4090,983
000984,757-76-0049,LOUISE HARRISON,13 AMERICAN ASH PLACE RICHARDSON TX,(214) 897-8864,984
000985,641-17-6232,DOUGLAS DAY,264 PACKERS PLACE DALLAS TX,(469) 868-2443,985
000986,690-30-6386,JANE HUGHES,05 TONY JUNCTION DALLAS TX,(972) 963-9605,986
000987,405-00-7979,JOAN WAGNER,76837 HEATH TRAIL DALLAS TX,(972) 841-3593,987
000988,697-50-5730,JOYCE GIBSON,0605 OLD SHORE AVENUE DALLAS TX,(469) 840-4916,988
000989,659-02-3329,PAULA HARRISON,7 SWALLOW PASS DALLAS TX,(469) 622-5174,989
000990,647-36-9732,BOBBY DUNN,785 GRAEDEL PLACE PLANO TX,(972) 923-3432,990
000991,659-27-5045,BONNIE ROSS,81741 HALLOWS PLAZA DALLAS TX,(214) 930-4665,991
000992,923-61-2260,DENNIS WHEELER,8321 MENDOTA CROSSING DALLAS TX,(214) 932-7040,992
000993,646-30-1413,JASON GUTIERREZ,7 PEARSON WAY DALLAS TX,(972) 990-8290,993
000994,968-11-7539,DIANA SPENCER,467 MENOMONIE ALLEY RICHARDSON TX,(972) 850-9653,994
000995,784-77-6035,JESSICA THOMPSON,73 MANDRAKE CENTER DALLAS TX,(972) 728-3395,995
000996,468-32-4617,SEAN PIERCE,07 LAUREL PARK DALLAS TX,(469) 987-3050,996
000997,647-49-5762,ALAN STEWART,74154 DREWRY STREET DALLAS TX,(469) 944-5061,997
000998,345-58-9435,JANICE ROBINSON,7791 MAPLE HILL DALLAS TX,(972) 855-6553,998
000999,504-57-5850,BARBARA CARROLL,5989 4TH AVENUE DALLAS TX,(214) 999-2405,999
001000,362-54-6087,LORI MCCOY,71 EVERGREEN CROSSING DALLAS TX,(972) 975-7324,1000
